model_name,bz,in_shape,channel,mem_mb,time,per_single_model_name
overfeat,16,224,1,8649.5,199.429512,overfeat-n16-h224-w224-c1-id1
overfeat,16,224,1,5577.5,86.49309476,overfeat-n16-h224-w224-c1-id2
overfeat,16,224,1,4553.5,353.7697792,overfeat-n16-h224-w224-c1-id3
overfeat,16,224,1,5577.5,86.93170547,overfeat-n16-h224-w224-c1-id4
overfeat,16,224,1,7625.5,200.4472415,overfeat-n16-h224-w224-c1-id5
overfeat,16,224,3,8649.5,219.2531427,overfeat-n16-h224-w224-c3-id1
overfeat,16,224,3,8649.5,272.6295789,overfeat-n16-h224-w224-c3-id2
overfeat,16,224,3,6601.5,239.951849,overfeat-n16-h224-w224-c3-id3
overfeat,16,224,3,8649.5,154.913187,overfeat-n16-h224-w224-c3-id4
overfeat,16,224,3,6601.5,223.4938939,overfeat-n16-h224-w224-c3-id5
overfeat,16,224,5,8649.5,123.1900056,overfeat-n16-h224-w224-c5-id1
overfeat,16,224,5,6601.5,97.82465299,overfeat-n16-h224-w224-c5-id2
overfeat,16,224,5,8649.5,73.27055931,overfeat-n16-h224-w224-c5-id3
overfeat,16,224,5,8649.5,203.6559582,overfeat-n16-h224-w224-c5-id4
overfeat,16,224,5,8649.5,245.748202,overfeat-n16-h224-w224-c5-id5
overfeat,16,224,7,7625.5,147.3210653,overfeat-n16-h224-w224-c7-id1
overfeat,16,224,7,8649.5,97.98248609,overfeat-n16-h224-w224-c7-id2
overfeat,16,224,7,4553.5,296.2725957,overfeat-n16-h224-w224-c7-id3
overfeat,16,224,7,8649.5,117.0019309,overfeat-n16-h224-w224-c7-id4
overfeat,16,224,7,8649.5,155.2642981,overfeat-n16-h224-w224-c7-id5
overfeat,16,224,9,8649.5,295.7219283,overfeat-n16-h224-w224-c9-id1
overfeat,16,224,9,6601.5,174.957037,overfeat-n16-h224-w224-c9-id2
overfeat,16,224,9,8649.5,260.4506016,overfeat-n16-h224-w224-c9-id3
overfeat,16,224,9,8649.5,234.8666191,overfeat-n16-h224-w224-c9-id4
overfeat,16,224,9,8649.5,102.3058891,overfeat-n16-h224-w224-c9-id5
overfeat,32,224,1,8649.5,250.7386208,overfeat-n32-h224-w224-c1-id1
overfeat,32,224,1,8649.5,323.9368598,overfeat-n32-h224-w224-c1-id2
overfeat,32,224,1,8649.5,209.6381187,overfeat-n32-h224-w224-c1-id3
overfeat,32,224,1,6601.5,123.1102149,overfeat-n32-h224-w224-c1-id4
overfeat,32,224,1,8649.5,214.2438094,overfeat-n32-h224-w224-c1-id5
overfeat,32,224,3,6601.5,173.4801928,overfeat-n32-h224-w224-c3-id1
overfeat,32,224,3,6601.5,393.1360245,overfeat-n32-h224-w224-c3-id2
overfeat,32,224,3,8649.5,368.537267,overfeat-n32-h224-w224-c3-id3
overfeat,32,224,3,8649.5,230.0813993,overfeat-n32-h224-w224-c3-id4
overfeat,32,224,3,8649.5,278.2007058,overfeat-n32-h224-w224-c3-id5
overfeat,32,224,5,6601.5,197.363774,overfeat-n32-h224-w224-c5-id1
overfeat,32,224,5,8649.5,231.2773863,overfeat-n32-h224-w224-c5-id2
overfeat,32,224,5,8649.5,154.6531518,overfeat-n32-h224-w224-c5-id3
overfeat,32,224,5,6601.5,313.6267662,overfeat-n32-h224-w224-c5-id4
overfeat,32,224,5,8649.5,266.4813201,overfeat-n32-h224-w224-c5-id5
overfeat,32,224,7,4553.5,422.3237038,overfeat-n32-h224-w224-c7-id1
overfeat,32,224,7,4553.5,157.2642326,overfeat-n32-h224-w224-c7-id2
overfeat,32,224,7,8649.5,170.8116531,overfeat-n32-h224-w224-c7-id3
overfeat,32,224,7,8649.5,157.0651531,overfeat-n32-h224-w224-c7-id4
overfeat,32,224,7,8649.5,239.8080031,overfeat-n32-h224-w224-c7-id5
overfeat,32,224,9,8649.5,345.8944162,overfeat-n32-h224-w224-c9-id1
overfeat,32,224,9,8649.5,391.6975657,overfeat-n32-h224-w224-c9-id2
overfeat,32,224,9,8649.5,126.4212132,overfeat-n32-h224-w224-c9-id3
overfeat,32,224,9,8649.5,434.6735477,overfeat-n32-h224-w224-c9-id4
overfeat,32,224,9,8649.5,353.8993994,overfeat-n32-h224-w224-c9-id5
overfeat,48,224,1,8649.5,170.0763702,overfeat-n48-h224-w224-c1-id1
overfeat,48,224,1,8649.5,162.2521083,overfeat-n48-h224-w224-c1-id2
overfeat,48,224,1,6601.5,192.3948924,overfeat-n48-h224-w224-c1-id3
overfeat,48,224,1,8649.5,216.5668011,overfeat-n48-h224-w224-c1-id4
overfeat,48,224,1,6601.5,226.265351,overfeat-n48-h224-w224-c1-id5
overfeat,48,224,3,8649.5,287.8751755,overfeat-n48-h224-w224-c3-id1
overfeat,48,224,3,4553.5,387.723128,overfeat-n48-h224-w224-c3-id2
overfeat,48,224,3,8649.5,134.3603134,overfeat-n48-h224-w224-c3-id3
overfeat,48,224,3,8649.5,137.4731064,overfeat-n48-h224-w224-c3-id4
overfeat,48,224,3,6601.5,168.3234374,overfeat-n48-h224-w224-c3-id5
overfeat,48,224,5,4553.5,393.5117722,overfeat-n48-h224-w224-c5-id1
overfeat,48,224,5,6601.5,192.3174858,overfeat-n48-h224-w224-c5-id2
overfeat,48,224,5,8649.5,262.8112634,overfeat-n48-h224-w224-c5-id3
overfeat,48,224,5,8649.5,413.6586984,overfeat-n48-h224-w224-c5-id4
overfeat,48,224,5,7625.5,250.6224314,overfeat-n48-h224-w224-c5-id5
overfeat,48,224,7,8649.5,401.542902,overfeat-n48-h224-w224-c7-id1
overfeat,48,224,7,8649.5,387.0549202,overfeat-n48-h224-w224-c7-id2
overfeat,48,224,7,8649.5,204.4214408,overfeat-n48-h224-w224-c7-id3
overfeat,48,224,7,8649.5,262.9488309,overfeat-n48-h224-w224-c7-id4
overfeat,48,224,7,8649.5,214.7065004,overfeat-n48-h224-w224-c7-id5
overfeat,48,224,9,8649.5,281.0964584,overfeat-n48-h224-w224-c9-id1
overfeat,48,224,9,8649.5,183.1207275,overfeat-n48-h224-w224-c9-id2
overfeat,48,224,9,8649.5,447.649161,overfeat-n48-h224-w224-c9-id3
overfeat,48,224,9,8137.5,165.6150818,overfeat-n48-h224-w224-c9-id4
overfeat,48,224,9,6601.5,209.612449,overfeat-n48-h224-w224-c9-id5
overfeat,64,224,1,8649.5,142.8488096,overfeat-n64-h224-w224-c1-id1
overfeat,64,224,1,8649.5,191.8441455,overfeat-n64-h224-w224-c1-id2
overfeat,64,224,1,8649.5,231.987079,overfeat-n64-h224-w224-c1-id3
overfeat,64,224,1,8649.5,184.292078,overfeat-n64-h224-w224-c1-id4
overfeat,64,224,1,8649.5,110.2350553,overfeat-n64-h224-w224-c1-id5
overfeat,64,224,3,8649.5,245.7466125,overfeat-n64-h224-w224-c3-id1
overfeat,64,224,3,7625.5,233.6259683,overfeat-n64-h224-w224-c3-id2
overfeat,64,224,3,8649.5,399.5947838,overfeat-n64-h224-w224-c3-id3
overfeat,64,224,3,8649.5,133.6128712,overfeat-n64-h224-w224-c3-id4
overfeat,64,224,3,6601.5,190.9867128,overfeat-n64-h224-w224-c3-id5
overfeat,64,224,5,8649.5,178.5573959,overfeat-n64-h224-w224-c5-id1
overfeat,64,224,5,6601.5,207.5398763,overfeat-n64-h224-w224-c5-id2
overfeat,64,224,5,8649.5,212.8215631,overfeat-n64-h224-w224-c5-id3
overfeat,64,224,5,8649.5,198.2354323,overfeat-n64-h224-w224-c5-id4
overfeat,64,224,5,8649.5,225.9140809,overfeat-n64-h224-w224-c5-id5
overfeat,64,224,7,8649.5,242.6846822,overfeat-n64-h224-w224-c7-id1
overfeat,64,224,7,6601.5,237.8524144,overfeat-n64-h224-w224-c7-id2
overfeat,64,224,7,8649.5,349.5686849,overfeat-n64-h224-w224-c7-id3
overfeat,64,224,7,8649.5,228.871266,overfeat-n64-h224-w224-c7-id4
overfeat,64,224,7,4553.5,182.8738054,overfeat-n64-h224-w224-c7-id5
overfeat,64,224,9,8649.5,356.3906352,overfeat-n64-h224-w224-c9-id1
overfeat,64,224,9,8649.5,190.5406316,overfeat-n64-h224-w224-c9-id2
overfeat,64,224,9,6601.5,477.0600001,overfeat-n64-h224-w224-c9-id3
overfeat,64,224,9,8649.5,365.7098611,overfeat-n64-h224-w224-c9-id4
overfeat,64,224,9,8649.5,471.0285664,overfeat-n64-h224-w224-c9-id5
overfeat,80,224,1,8649.5,232.9815229,overfeat-n80-h224-w224-c1-id1
overfeat,80,224,1,7625.5,169.0979004,overfeat-n80-h224-w224-c1-id2
overfeat,80,224,1,8649.5,119.8897362,overfeat-n80-h224-w224-c1-id3
overfeat,80,224,1,8649.5,114.4373417,overfeat-n80-h224-w224-c1-id4
overfeat,80,224,1,8649.5,187.2640451,overfeat-n80-h224-w224-c1-id5
overfeat,80,224,3,6601.5,241.3990498,overfeat-n80-h224-w224-c3-id1
overfeat,80,224,3,6601.5,192.2957897,overfeat-n80-h224-w224-c3-id2
overfeat,80,224,3,6601.5,277.5280476,overfeat-n80-h224-w224-c3-id3
overfeat,80,224,3,4553.5,489.4693693,overfeat-n80-h224-w224-c3-id4
overfeat,80,224,3,7625.5,195.2094237,overfeat-n80-h224-w224-c3-id5
overfeat,80,224,5,8649.5,443.4771538,overfeat-n80-h224-w224-c5-id1
overfeat,80,224,5,8649.5,445.857207,overfeat-n80-h224-w224-c5-id2
overfeat,80,224,5,8649.5,233.3521843,overfeat-n80-h224-w224-c5-id3
overfeat,80,224,5,8649.5,450.1869678,overfeat-n80-h224-w224-c5-id4
overfeat,80,224,5,8649.5,337.1259371,overfeat-n80-h224-w224-c5-id5
overfeat,80,224,7,8649.5,285.1424217,overfeat-n80-h224-w224-c7-id1
overfeat,80,224,7,8649.5,434.5875581,overfeat-n80-h224-w224-c7-id2
overfeat,80,224,7,6601.5,278.9181074,overfeat-n80-h224-w224-c7-id3
overfeat,80,224,7,8649.5,376.029253,overfeat-n80-h224-w224-c7-id4
overfeat,80,224,7,6601.5,334.2809677,overfeat-n80-h224-w224-c7-id5
overfeat,80,224,9,8649.5,393.2568232,overfeat-n80-h224-w224-c9-id1
overfeat,80,224,9,8649.5,341.4169947,overfeat-n80-h224-w224-c9-id2
overfeat,80,224,9,8649.5,209.3880177,overfeat-n80-h224-w224-c9-id3
overfeat,80,224,9,6601.5,258.8309447,overfeat-n80-h224-w224-c9-id4
overfeat,80,224,9,8649.5,265.4647827,overfeat-n80-h224-w224-c9-id5
overfeat,96,224,1,8649.5,183.7782065,overfeat-n96-h224-w224-c1-id1
overfeat,96,224,1,6601.5,301.5456994,overfeat-n96-h224-w224-c1-id2
overfeat,96,224,1,8649.5,211.8205229,overfeat-n96-h224-w224-c1-id3
overfeat,96,224,1,8649.5,368.7318166,overfeat-n96-h224-w224-c1-id4
overfeat,96,224,1,8649.5,267.6374912,overfeat-n96-h224-w224-c1-id5
overfeat,96,224,3,8649.5,290.5491988,overfeat-n96-h224-w224-c3-id1
overfeat,96,224,3,8649.5,269.9933847,overfeat-n96-h224-w224-c3-id2
overfeat,96,224,3,8649.5,270.2400684,overfeat-n96-h224-w224-c3-id3
overfeat,96,224,3,8649.5,156.7335924,overfeat-n96-h224-w224-c3-id4
overfeat,96,224,3,8649.5,148.0820179,overfeat-n96-h224-w224-c3-id5
overfeat,96,224,5,7113.5,173.9028295,overfeat-n96-h224-w224-c5-id1
overfeat,96,224,5,6601.5,360.8554204,overfeat-n96-h224-w224-c5-id2
overfeat,96,224,5,8649.5,219.1691399,overfeat-n96-h224-w224-c5-id3
overfeat,96,224,5,8649.5,256.8046252,overfeat-n96-h224-w224-c5-id4
overfeat,96,224,5,8649.5,295.267423,overfeat-n96-h224-w224-c5-id5
overfeat,96,224,7,8649.5,347.621123,overfeat-n96-h224-w224-c7-id1
overfeat,96,224,7,6601.5,328.5499414,overfeat-n96-h224-w224-c7-id2
overfeat,96,224,7,8649.5,335.0545565,overfeat-n96-h224-w224-c7-id3
overfeat,96,224,7,8649.5,435.5231126,overfeat-n96-h224-w224-c7-id4
overfeat,96,224,7,8649.5,207.3850632,overfeat-n96-h224-w224-c7-id5
overfeat,96,224,9,8649.5,643.6270873,overfeat-n96-h224-w224-c9-id1
overfeat,96,224,9,8649.5,555.3394953,overfeat-n96-h224-w224-c9-id2
overfeat,96,224,9,7625.5,252.0841757,overfeat-n96-h224-w224-c9-id3
overfeat,96,224,9,7625.5,403.9105574,overfeat-n96-h224-w224-c9-id4
overfeat,96,224,9,8649.5,515.7503287,overfeat-n96-h224-w224-c9-id5
overfeat,112,224,1,8649.5,133.3236694,overfeat-n112-h224-w224-c1-id1
overfeat,112,224,1,6601.5,218.3624109,overfeat-n112-h224-w224-c1-id2
overfeat,112,224,1,6601.5,315.0854905,overfeat-n112-h224-w224-c1-id3
overfeat,112,224,1,8649.5,275.1400471,overfeat-n112-h224-w224-c1-id4
overfeat,112,224,1,8649.5,364.1631603,overfeat-n112-h224-w224-c1-id5
overfeat,112,224,3,8649.5,280.3219159,overfeat-n112-h224-w224-c3-id1
overfeat,112,224,3,8649.5,254.4484138,overfeat-n112-h224-w224-c3-id2
overfeat,112,224,3,8649.5,279.1322072,overfeat-n112-h224-w224-c3-id3
overfeat,112,224,3,8649.5,223.9949703,overfeat-n112-h224-w224-c3-id4
overfeat,112,224,3,8649.5,273.6393611,overfeat-n112-h224-w224-c3-id5
overfeat,112,224,5,8649.5,370.1607386,overfeat-n112-h224-w224-c5-id1
overfeat,112,224,5,8649.5,609.9886099,overfeat-n112-h224-w224-c5-id2
overfeat,112,224,5,8649.5,375.2710025,overfeat-n112-h224-w224-c5-id3
overfeat,112,224,5,8649.5,201.633056,overfeat-n112-h224-w224-c5-id4
overfeat,112,224,5,8649.5,306.0576121,overfeat-n112-h224-w224-c5-id5
overfeat,112,224,7,7625.5,290.1739279,overfeat-n112-h224-w224-c7-id1
overfeat,112,224,7,7625.5,279.0574233,overfeat-n112-h224-w224-c7-id2
overfeat,112,224,7,7625.5,351.0795434,overfeat-n112-h224-w224-c7-id3
overfeat,112,224,7,7625.5,481.5283616,overfeat-n112-h224-w224-c7-id4
overfeat,112,224,7,7625.5,264.7438049,overfeat-n112-h224-w224-c7-id5
overfeat,112,224,9,7625.5,323.0490685,overfeat-n112-h224-w224-c9-id1
overfeat,112,224,9,7625.5,303.6173185,overfeat-n112-h224-w224-c9-id2
overfeat,112,224,9,7625.5,264.5451228,overfeat-n112-h224-w224-c9-id3
overfeat,112,224,9,7625.5,578.7761211,overfeat-n112-h224-w224-c9-id4
overfeat,112,224,9,8649.5,559.1514905,overfeat-n112-h224-w224-c9-id5
overfeat,128,224,1,8649.5,375.8439223,overfeat-n128-h224-w224-c1-id1
overfeat,128,224,1,7625.5,166.2457784,overfeat-n128-h224-w224-c1-id2
overfeat,128,224,1,8649.5,299.0137736,overfeat-n128-h224-w224-c1-id3
overfeat,128,224,1,8649.5,374.101162,overfeat-n128-h224-w224-c1-id4
overfeat,128,224,1,8649.5,592.8893089,overfeat-n128-h224-w224-c1-id5
overfeat,128,224,3,8649.5,201.8265724,overfeat-n128-h224-w224-c3-id1
overfeat,128,224,3,8649.5,277.403752,overfeat-n128-h224-w224-c3-id2
overfeat,128,224,3,8649.5,335.5460167,overfeat-n128-h224-w224-c3-id3
overfeat,128,224,3,8649.5,276.3225238,overfeat-n128-h224-w224-c3-id4
overfeat,128,224,3,8649.5,522.3441124,overfeat-n128-h224-w224-c3-id5
overfeat,128,224,5,8649.5,420.5652873,overfeat-n128-h224-w224-c5-id1
overfeat,128,224,5,8649.5,356.6528161,overfeat-n128-h224-w224-c5-id2
overfeat,128,224,5,8649.5,409.1787338,overfeat-n128-h224-w224-c5-id3
overfeat,128,224,5,8649.5,416.9304371,overfeat-n128-h224-w224-c5-id4
overfeat,128,224,5,8649.5,227.4143696,overfeat-n128-h224-w224-c5-id5
overfeat,128,224,7,8649.5,577.9085954,overfeat-n128-h224-w224-c7-id1
overfeat,128,224,7,8649.5,716.8937524,overfeat-n128-h224-w224-c7-id2
overfeat,128,224,7,7625.5,259.3515714,overfeat-n128-h224-w224-c7-id3
overfeat,128,224,7,7625.5,397.3204295,overfeat-n128-h224-w224-c7-id4
overfeat,128,224,7,8649.5,712.8887971,overfeat-n128-h224-w224-c7-id5
overfeat,128,224,9,8649.5,726.757288,overfeat-n128-h224-w224-c9-id1
overfeat,128,224,9,7625.5,606.1918736,overfeat-n128-h224-w224-c9-id2
overfeat,128,224,9,8649.5,722.7830092,overfeat-n128-h224-w224-c9-id3
overfeat,128,224,9,7625.5,443.7906742,overfeat-n128-h224-w224-c9-id4
overfeat,128,224,9,9673.5,360.484759,overfeat-n128-h224-w224-c9-id5
overfeat,16,224,1,8649.5,183.0378373,overfeat-n16-h224-w224-c1-id6
overfeat,16,224,1,4553.5,285.4324182,overfeat-n16-h224-w224-c1-id7
overfeat,16,224,1,4553.5,290.3367678,overfeat-n16-h224-w224-c1-id8
overfeat,16,224,1,8649.5,114.1459147,overfeat-n16-h224-w224-c1-id9
overfeat,16,224,1,8649.5,182.368199,overfeat-n16-h224-w224-c1-id10
overfeat,16,224,1,8649.5,322.6854006,overfeat-n16-h224-w224-c1-id11
overfeat,16,224,1,8137.5,133.3972613,overfeat-n16-h224-w224-c1-id12
overfeat,16,224,1,8649.5,244.049867,overfeat-n16-h224-w224-c1-id13
overfeat,16,224,1,8649.5,288.2979711,overfeat-n16-h224-w224-c1-id14
overfeat,16,224,1,8649.5,193.8304106,overfeat-n16-h224-w224-c1-id15
overfeat,16,224,1,8649.5,215.316534,overfeat-n16-h224-w224-c1-id16
overfeat,16,224,1,5577.5,180.5516084,overfeat-n16-h224-w224-c1-id17
overfeat,16,224,1,6601.5,277.7268092,overfeat-n16-h224-w224-c1-id18
overfeat,16,224,1,8649.5,232.1151098,overfeat-n16-h224-w224-c1-id19
overfeat,16,224,1,8137.5,131.0021083,overfeat-n16-h224-w224-c1-id20
overfeat,16,224,3,8649.5,295.9531148,overfeat-n16-h224-w224-c3-id6
overfeat,16,224,3,7625.5,103.1371752,overfeat-n16-h224-w224-c3-id7
overfeat,16,224,3,4553.5,287.6237233,overfeat-n16-h224-w224-c3-id8
overfeat,16,224,3,8649.5,236.2222672,overfeat-n16-h224-w224-c3-id9
overfeat,16,224,3,8649.5,150.0962575,overfeat-n16-h224-w224-c3-id10
overfeat,16,224,3,8649.5,193.0092176,overfeat-n16-h224-w224-c3-id11
overfeat,16,224,3,6601.5,342.956384,overfeat-n16-h224-w224-c3-id12
overfeat,16,224,3,7625.5,143.2296435,overfeat-n16-h224-w224-c3-id13
overfeat,16,224,3,8649.5,274.4853497,overfeat-n16-h224-w224-c3-id14
overfeat,16,224,3,8649.5,161.709706,overfeat-n16-h224-w224-c3-id15
overfeat,16,224,3,8649.5,145.6049283,overfeat-n16-h224-w224-c3-id16
overfeat,16,224,3,5577.5,134.7572803,overfeat-n16-h224-w224-c3-id17
overfeat,16,224,3,8649.5,245.1453209,overfeat-n16-h224-w224-c3-id18
overfeat,16,224,3,8649.5,214.2712275,overfeat-n16-h224-w224-c3-id19
overfeat,16,224,3,8649.5,206.2344551,overfeat-n16-h224-w224-c3-id20
overfeat,16,224,5,8649.5,236.5989685,overfeat-n16-h224-w224-c5-id6
overfeat,16,224,5,8137.5,74.51470693,overfeat-n16-h224-w224-c5-id7
overfeat,16,224,5,8649.5,339.9771055,overfeat-n16-h224-w224-c5-id8
overfeat,16,224,5,8649.5,312.1799628,overfeat-n16-h224-w224-c5-id9
overfeat,16,224,5,8649.5,213.0300999,overfeat-n16-h224-w224-c5-id10
overfeat,16,224,5,8649.5,183.7624709,overfeat-n16-h224-w224-c5-id11
overfeat,16,224,5,8649.5,116.499424,overfeat-n16-h224-w224-c5-id12
overfeat,16,224,5,8649.5,294.0945625,overfeat-n16-h224-w224-c5-id13
overfeat,16,224,5,7625.5,82.81246821,overfeat-n16-h224-w224-c5-id14
overfeat,16,224,5,8649.5,250.9814103,overfeat-n16-h224-w224-c5-id15
overfeat,16,224,5,7625.5,260.2183819,overfeat-n16-h224-w224-c5-id16
overfeat,16,224,5,8649.5,143.0837313,overfeat-n16-h224-w224-c5-id17
overfeat,16,224,5,8649.5,142.0332591,overfeat-n16-h224-w224-c5-id18
overfeat,16,224,5,7625.5,104.5427322,overfeat-n16-h224-w224-c5-id19
overfeat,16,224,5,8649.5,191.350619,overfeat-n16-h224-w224-c5-id20
overfeat,16,224,7,8649.5,187.6495679,overfeat-n16-h224-w224-c7-id6
overfeat,16,224,7,6601.5,140.4938698,overfeat-n16-h224-w224-c7-id7
overfeat,16,224,7,8649.5,201.2721697,overfeat-n16-h224-w224-c7-id8
overfeat,16,224,7,8649.5,145.233949,overfeat-n16-h224-w224-c7-id9
overfeat,16,224,7,8649.5,147.5617886,overfeat-n16-h224-w224-c7-id10
overfeat,16,224,7,4553.5,294.3222523,overfeat-n16-h224-w224-c7-id11
overfeat,16,224,7,8649.5,197.4271933,overfeat-n16-h224-w224-c7-id12
overfeat,16,224,7,8649.5,148.9085356,overfeat-n16-h224-w224-c7-id13
overfeat,16,224,7,8649.5,224.8885632,overfeat-n16-h224-w224-c7-id14
overfeat,16,224,7,8649.5,134.2012088,overfeat-n16-h224-w224-c7-id15
overfeat,16,224,7,8649.5,107.4752808,overfeat-n16-h224-w224-c7-id16
overfeat,16,224,7,8649.5,130.7664712,overfeat-n16-h224-w224-c7-id17
overfeat,16,224,7,8649.5,287.1136665,overfeat-n16-h224-w224-c7-id18
overfeat,16,224,7,8649.5,95.35193443,overfeat-n16-h224-w224-c7-id19
overfeat,16,224,7,7625.5,270.5670198,overfeat-n16-h224-w224-c7-id20
overfeat,16,224,9,8649.5,174.9719779,overfeat-n16-h224-w224-c9-id6
overfeat,16,224,9,8649.5,115.9925461,overfeat-n16-h224-w224-c9-id7
overfeat,16,224,9,8649.5,163.3205414,overfeat-n16-h224-w224-c9-id8
overfeat,16,224,9,8649.5,119.6010907,overfeat-n16-h224-w224-c9-id9
overfeat,16,224,9,8649.5,291.6514079,overfeat-n16-h224-w224-c9-id10
overfeat,16,224,9,8649.5,102.9488246,overfeat-n16-h224-w224-c9-id11
overfeat,16,224,9,8649.5,78.70618502,overfeat-n16-h224-w224-c9-id12
overfeat,16,224,9,6601.5,173.9073594,overfeat-n16-h224-w224-c9-id13
overfeat,16,224,9,8649.5,115.1784261,overfeat-n16-h224-w224-c9-id14
overfeat,16,224,9,8649.5,238.3969625,overfeat-n16-h224-w224-c9-id15
overfeat,16,224,9,8649.5,319.7526932,overfeat-n16-h224-w224-c9-id16
overfeat,16,224,9,8649.5,189.8433367,overfeat-n16-h224-w224-c9-id17
overfeat,16,224,9,8649.5,168.1774457,overfeat-n16-h224-w224-c9-id18
overfeat,16,224,9,8649.5,256.6770713,overfeat-n16-h224-w224-c9-id19
overfeat,16,224,9,8649.5,75.96913973,overfeat-n16-h224-w224-c9-id20
overfeat,32,224,1,8649.5,98.67580732,overfeat-n32-h224-w224-c1-id6
overfeat,32,224,1,7625.5,147.9310989,overfeat-n32-h224-w224-c1-id7
overfeat,32,224,1,8649.5,307.1935972,overfeat-n32-h224-w224-c1-id8
overfeat,32,224,1,8649.5,216.9844309,overfeat-n32-h224-w224-c1-id9
overfeat,32,224,1,4553.5,411.7946625,overfeat-n32-h224-w224-c1-id10
overfeat,32,224,1,8649.5,328.1700611,overfeat-n32-h224-w224-c1-id11
overfeat,32,224,1,8649.5,158.2899094,overfeat-n32-h224-w224-c1-id12
overfeat,32,224,1,8649.5,295.527935,overfeat-n32-h224-w224-c1-id13
overfeat,32,224,1,8649.5,314.2000039,overfeat-n32-h224-w224-c1-id14
overfeat,32,224,1,8649.5,151.6455809,overfeat-n32-h224-w224-c1-id15
overfeat,32,224,1,4553.5,126.4140606,overfeat-n32-h224-w224-c1-id16
overfeat,32,224,1,8649.5,366.1786715,overfeat-n32-h224-w224-c1-id17
overfeat,32,224,1,8649.5,303.5232226,overfeat-n32-h224-w224-c1-id18
overfeat,32,224,1,8649.5,241.110007,overfeat-n32-h224-w224-c1-id19
overfeat,32,224,1,6601.5,391.2703991,overfeat-n32-h224-w224-c1-id20
overfeat,32,224,3,8649.5,136.5613143,overfeat-n32-h224-w224-c3-id6
overfeat,32,224,3,4553.5,412.8816923,overfeat-n32-h224-w224-c3-id7
overfeat,32,224,3,8649.5,258.9503924,overfeat-n32-h224-w224-c3-id8
overfeat,32,224,3,8649.5,207.578818,overfeat-n32-h224-w224-c3-id9
overfeat,32,224,3,6601.5,161.9536082,overfeat-n32-h224-w224-c3-id10
overfeat,32,224,3,7625.5,234.2864672,overfeat-n32-h224-w224-c3-id11
overfeat,32,224,3,8649.5,322.5936095,overfeat-n32-h224-w224-c3-id12
overfeat,32,224,3,6601.5,129.1324298,overfeat-n32-h224-w224-c3-id13
overfeat,32,224,3,8649.5,257.8746478,overfeat-n32-h224-w224-c3-id14
overfeat,32,224,3,6601.5,192.3617522,overfeat-n32-h224-w224-c3-id15
overfeat,32,224,3,8649.5,158.3324273,overfeat-n32-h224-w224-c3-id16
overfeat,32,224,3,8649.5,182.0965608,overfeat-n32-h224-w224-c3-id17
overfeat,32,224,3,8649.5,339.5164808,overfeat-n32-h224-w224-c3-id18
overfeat,32,224,3,7625.5,176.9576073,overfeat-n32-h224-w224-c3-id19
overfeat,32,224,3,8649.5,244.9204127,overfeat-n32-h224-w224-c3-id20
overfeat,32,224,5,7625.5,251.3945897,overfeat-n32-h224-w224-c5-id6
overfeat,32,224,5,8649.5,268.0498759,overfeat-n32-h224-w224-c5-id7
overfeat,32,224,5,8649.5,106.4809958,overfeat-n32-h224-w224-c5-id8
overfeat,32,224,5,6601.5,302.377224,overfeat-n32-h224-w224-c5-id9
overfeat,32,224,5,8649.5,217.7526951,overfeat-n32-h224-w224-c5-id10
overfeat,32,224,5,7625.5,234.9906762,overfeat-n32-h224-w224-c5-id11
overfeat,32,224,5,7625.5,308.6907864,overfeat-n32-h224-w224-c5-id12
overfeat,32,224,5,8649.5,107.202371,overfeat-n32-h224-w224-c5-id13
overfeat,32,224,5,8649.5,242.8174019,overfeat-n32-h224-w224-c5-id14
overfeat,32,224,5,8649.5,370.7242807,overfeat-n32-h224-w224-c5-id15
overfeat,32,224,5,7625.5,171.4537144,overfeat-n32-h224-w224-c5-id16
overfeat,32,224,5,8649.5,146.9701131,overfeat-n32-h224-w224-c5-id17
overfeat,32,224,5,6601.5,157.2721004,overfeat-n32-h224-w224-c5-id18
overfeat,32,224,5,8649.5,158.8353316,overfeat-n32-h224-w224-c5-id19
overfeat,32,224,5,8649.5,284.6378485,overfeat-n32-h224-w224-c5-id20
overfeat,32,224,7,8649.5,99.67676799,overfeat-n32-h224-w224-c7-id6
overfeat,32,224,7,8649.5,357.9883575,overfeat-n32-h224-w224-c7-id7
overfeat,32,224,7,8649.5,103.4592787,overfeat-n32-h224-w224-c7-id8
overfeat,32,224,7,8649.5,278.443257,overfeat-n32-h224-w224-c7-id9
overfeat,32,224,7,8649.5,108.5537275,overfeat-n32-h224-w224-c7-id10
overfeat,32,224,7,8649.5,292.7923997,overfeat-n32-h224-w224-c7-id11
overfeat,32,224,7,6601.5,296.3784536,overfeat-n32-h224-w224-c7-id12
overfeat,32,224,7,6601.5,356.1592897,overfeat-n32-h224-w224-c7-id13
overfeat,32,224,7,8649.5,172.4727949,overfeat-n32-h224-w224-c7-id14
overfeat,32,224,7,6601.5,136.4994844,overfeat-n32-h224-w224-c7-id15
overfeat,32,224,7,8649.5,258.8854631,overfeat-n32-h224-w224-c7-id16
overfeat,32,224,7,8649.5,290.8400695,overfeat-n32-h224-w224-c7-id17
overfeat,32,224,7,4553.5,341.2104448,overfeat-n32-h224-w224-c7-id18
overfeat,32,224,7,8649.5,123.6533324,overfeat-n32-h224-w224-c7-id19
overfeat,32,224,7,6601.5,291.5843328,overfeat-n32-h224-w224-c7-id20
overfeat,32,224,9,8649.5,337.7548059,overfeat-n32-h224-w224-c9-id6
overfeat,32,224,9,8649.5,124.1728465,overfeat-n32-h224-w224-c9-id7
overfeat,32,224,9,8649.5,264.1143004,overfeat-n32-h224-w224-c9-id8
overfeat,32,224,9,8649.5,284.1816743,overfeat-n32-h224-w224-c9-id9
overfeat,32,224,9,8649.5,145.3443368,overfeat-n32-h224-w224-c9-id10
overfeat,32,224,9,8649.5,372.5444476,overfeat-n32-h224-w224-c9-id11
overfeat,32,224,9,8649.5,342.2549566,overfeat-n32-h224-w224-c9-id12
overfeat,32,224,9,7625.5,191.8039322,overfeat-n32-h224-w224-c9-id13
overfeat,32,224,9,8649.5,266.3406531,overfeat-n32-h224-w224-c9-id14
overfeat,32,224,9,4553.5,152.2986094,overfeat-n32-h224-w224-c9-id15
overfeat,32,224,9,4553.5,361.0945543,overfeat-n32-h224-w224-c9-id16
overfeat,32,224,9,6601.5,303.0598164,overfeat-n32-h224-w224-c9-id17
overfeat,32,224,9,8649.5,145.6658045,overfeat-n32-h224-w224-c9-id18
overfeat,32,224,9,6601.5,296.8878746,overfeat-n32-h224-w224-c9-id19
overfeat,32,224,9,8649.5,278.4887155,overfeat-n32-h224-w224-c9-id20
overfeat,48,224,1,8649.5,266.6619619,overfeat-n48-h224-w224-c1-id6
overfeat,48,224,1,8649.5,323.3604431,overfeat-n48-h224-w224-c1-id7
overfeat,48,224,1,8649.5,254.7821204,overfeat-n48-h224-w224-c1-id8
overfeat,48,224,1,8649.5,110.9174887,overfeat-n48-h224-w224-c1-id9
overfeat,48,224,1,8649.5,374.8758634,overfeat-n48-h224-w224-c1-id10
overfeat,48,224,1,8649.5,308.2262675,overfeat-n48-h224-w224-c1-id11
overfeat,48,224,1,6601.5,302.2081852,overfeat-n48-h224-w224-c1-id12
overfeat,48,224,1,7625.5,149.9034564,overfeat-n48-h224-w224-c1-id13
overfeat,48,224,1,8649.5,180.8629036,overfeat-n48-h224-w224-c1-id14
overfeat,48,224,1,7625.5,118.8987891,overfeat-n48-h224-w224-c1-id15
overfeat,48,224,1,6601.5,187.8964106,overfeat-n48-h224-w224-c1-id16
overfeat,48,224,1,4553.5,376.4048417,overfeat-n48-h224-w224-c1-id17
overfeat,48,224,1,7625.5,332.1906726,overfeat-n48-h224-w224-c1-id18
overfeat,48,224,1,8649.5,136.423111,overfeat-n48-h224-w224-c1-id19
overfeat,48,224,1,8649.5,205.3668499,overfeat-n48-h224-w224-c1-id20
overfeat,48,224,3,8649.5,110.657533,overfeat-n48-h224-w224-c3-id6
overfeat,48,224,3,8649.5,170.6029574,overfeat-n48-h224-w224-c3-id7
overfeat,48,224,3,8649.5,328.4454346,overfeat-n48-h224-w224-c3-id8
overfeat,48,224,3,8649.5,270.5625693,overfeat-n48-h224-w224-c3-id9
overfeat,48,224,3,6601.5,164.9605433,overfeat-n48-h224-w224-c3-id10
overfeat,48,224,3,8649.5,234.8444462,overfeat-n48-h224-w224-c3-id11
overfeat,48,224,3,8649.5,189.3397967,overfeat-n48-h224-w224-c3-id12
overfeat,48,224,3,8649.5,137.1905804,overfeat-n48-h224-w224-c3-id13
overfeat,48,224,3,8649.5,381.9231192,overfeat-n48-h224-w224-c3-id14
overfeat,48,224,3,8649.5,407.213529,overfeat-n48-h224-w224-c3-id15
overfeat,48,224,3,8649.5,393.1159973,overfeat-n48-h224-w224-c3-id16
overfeat,48,224,3,8649.5,229.4007937,overfeat-n48-h224-w224-c3-id17
overfeat,48,224,3,8649.5,187.7316634,overfeat-n48-h224-w224-c3-id18
overfeat,48,224,3,6601.5,335.1960182,overfeat-n48-h224-w224-c3-id19
overfeat,48,224,3,8649.5,180.1443895,overfeat-n48-h224-w224-c3-id20
overfeat,48,224,5,6601.5,292.6735083,overfeat-n48-h224-w224-c5-id6
overfeat,48,224,5,6601.5,364.007473,overfeat-n48-h224-w224-c5-id7
overfeat,48,224,5,8649.5,161.8718306,overfeat-n48-h224-w224-c5-id8
overfeat,48,224,5,8649.5,203.2609781,overfeat-n48-h224-w224-c5-id9
overfeat,48,224,5,8649.5,186.2217585,overfeat-n48-h224-w224-c5-id10
overfeat,48,224,5,6601.5,188.312451,overfeat-n48-h224-w224-c5-id11
overfeat,48,224,5,6601.5,340.9202894,overfeat-n48-h224-w224-c5-id12
overfeat,48,224,5,8649.5,206.8893909,overfeat-n48-h224-w224-c5-id13
overfeat,48,224,5,8649.5,364.9501006,overfeat-n48-h224-w224-c5-id14
overfeat,48,224,5,7625.5,175.6223043,overfeat-n48-h224-w224-c5-id15
overfeat,48,224,5,8649.5,305.7224751,overfeat-n48-h224-w224-c5-id16
overfeat,48,224,5,8649.5,251.2993018,overfeat-n48-h224-w224-c5-id17
overfeat,48,224,5,8649.5,254.6154658,overfeat-n48-h224-w224-c5-id18
overfeat,48,224,5,8649.5,407.7321688,overfeat-n48-h224-w224-c5-id19
overfeat,48,224,5,8649.5,406.3334465,overfeat-n48-h224-w224-c5-id20
overfeat,48,224,7,8649.5,354.3318907,overfeat-n48-h224-w224-c7-id6
overfeat,48,224,7,6601.5,373.6133575,overfeat-n48-h224-w224-c7-id7
overfeat,48,224,7,5577.5,194.2673524,overfeat-n48-h224-w224-c7-id8
overfeat,48,224,7,8649.5,253.5085678,overfeat-n48-h224-w224-c7-id9
overfeat,48,224,7,8649.5,189.4572576,overfeat-n48-h224-w224-c7-id10
overfeat,48,224,7,7625.5,139.4314766,overfeat-n48-h224-w224-c7-id11
overfeat,48,224,7,8649.5,388.5966937,overfeat-n48-h224-w224-c7-id12
overfeat,48,224,7,8649.5,174.1580168,overfeat-n48-h224-w224-c7-id13
overfeat,48,224,7,7625.5,217.8045114,overfeat-n48-h224-w224-c7-id14
overfeat,48,224,7,8649.5,199.8601755,overfeat-n48-h224-w224-c7-id15
overfeat,48,224,7,8649.5,368.3815797,overfeat-n48-h224-w224-c7-id16
overfeat,48,224,7,8649.5,252.4915536,overfeat-n48-h224-w224-c7-id17
overfeat,48,224,7,4553.5,388.5247707,overfeat-n48-h224-w224-c7-id18
overfeat,48,224,7,8649.5,255.3935051,overfeat-n48-h224-w224-c7-id19
overfeat,48,224,7,8649.5,253.6911964,overfeat-n48-h224-w224-c7-id20
overfeat,48,224,9,8137.5,195.0980822,overfeat-n48-h224-w224-c9-id6
overfeat,48,224,9,6601.5,212.9368782,overfeat-n48-h224-w224-c9-id7
overfeat,48,224,9,8649.5,221.3243643,overfeat-n48-h224-w224-c9-id8
overfeat,48,224,9,8649.5,410.0870291,overfeat-n48-h224-w224-c9-id9
overfeat,48,224,9,8649.5,294.1235701,overfeat-n48-h224-w224-c9-id10
overfeat,48,224,9,8137.5,208.713611,overfeat-n48-h224-w224-c9-id11
overfeat,48,224,9,8649.5,250.3355344,overfeat-n48-h224-w224-c9-id12
overfeat,48,224,9,6601.5,223.1051127,overfeat-n48-h224-w224-c9-id13
overfeat,48,224,9,8649.5,276.0789394,overfeat-n48-h224-w224-c9-id14
overfeat,48,224,9,8649.5,266.9474284,overfeat-n48-h224-w224-c9-id15
overfeat,48,224,9,8649.5,474.2813905,overfeat-n48-h224-w224-c9-id16
overfeat,48,224,9,8137.5,210.083882,overfeat-n48-h224-w224-c9-id17
overfeat,48,224,9,8137.5,181.8580627,overfeat-n48-h224-w224-c9-id18
overfeat,48,224,9,8137.5,127.6722749,overfeat-n48-h224-w224-c9-id19
overfeat,48,224,9,8649.5,307.9621792,overfeat-n48-h224-w224-c9-id20
overfeat,64,224,1,8649.5,184.0430895,overfeat-n64-h224-w224-c1-id6
overfeat,64,224,1,8649.5,119.820118,overfeat-n64-h224-w224-c1-id7
overfeat,64,224,1,8649.5,446.7515151,overfeat-n64-h224-w224-c1-id8
overfeat,64,224,1,8649.5,117.3089345,overfeat-n64-h224-w224-c1-id9
overfeat,64,224,1,8649.5,256.3851674,overfeat-n64-h224-w224-c1-id10
overfeat,64,224,1,8649.5,150.4778067,overfeat-n64-h224-w224-c1-id11
overfeat,64,224,1,8649.5,228.5363674,overfeat-n64-h224-w224-c1-id12
overfeat,64,224,1,6601.5,177.7319908,overfeat-n64-h224-w224-c1-id13
overfeat,64,224,1,8649.5,202.3040454,overfeat-n64-h224-w224-c1-id14
overfeat,64,224,1,8649.5,145.6104914,overfeat-n64-h224-w224-c1-id15
overfeat,64,224,1,8649.5,480.126063,overfeat-n64-h224-w224-c1-id16
overfeat,64,224,1,6601.5,133.1438224,overfeat-n64-h224-w224-c1-id17
overfeat,64,224,1,8649.5,351.2116273,overfeat-n64-h224-w224-c1-id18
overfeat,64,224,1,8649.5,409.3521436,overfeat-n64-h224-w224-c1-id19
overfeat,64,224,1,8649.5,231.5723896,overfeat-n64-h224-w224-c1-id20
overfeat,64,224,3,8649.5,244.2099253,overfeat-n64-h224-w224-c3-id6
overfeat,64,224,3,4553.5,434.1587226,overfeat-n64-h224-w224-c3-id7
overfeat,64,224,3,6601.5,382.6071421,overfeat-n64-h224-w224-c3-id8
overfeat,64,224,3,8649.5,320.0977643,overfeat-n64-h224-w224-c3-id9
overfeat,64,224,3,6601.5,282.8946908,overfeat-n64-h224-w224-c3-id10
overfeat,64,224,3,8649.5,404.2754173,overfeat-n64-h224-w224-c3-id11
overfeat,64,224,3,8649.5,246.0978826,overfeat-n64-h224-w224-c3-id12
overfeat,64,224,3,8649.5,303.5028776,overfeat-n64-h224-w224-c3-id13
overfeat,64,224,3,4553.5,413.4524663,overfeat-n64-h224-w224-c3-id14
overfeat,64,224,3,8649.5,126.4895598,overfeat-n64-h224-w224-c3-id15
overfeat,64,224,3,8649.5,361.0877196,overfeat-n64-h224-w224-c3-id16
overfeat,64,224,3,6601.5,487.0821635,overfeat-n64-h224-w224-c3-id17
overfeat,64,224,3,8649.5,290.3780142,overfeat-n64-h224-w224-c3-id18
overfeat,64,224,3,8649.5,236.0738913,overfeat-n64-h224-w224-c3-id19
overfeat,64,224,3,8649.5,115.6032085,overfeat-n64-h224-w224-c3-id20
overfeat,64,224,5,8649.5,259.8369916,overfeat-n64-h224-w224-c5-id6
overfeat,64,224,5,6601.5,158.7467988,overfeat-n64-h224-w224-c5-id7
overfeat,64,224,5,8649.5,272.5435893,overfeat-n64-h224-w224-c5-id8
overfeat,64,224,5,6601.5,490.4567401,overfeat-n64-h224-w224-c5-id9
overfeat,64,224,5,8649.5,408.0460072,overfeat-n64-h224-w224-c5-id10
overfeat,64,224,5,6601.5,218.1127071,overfeat-n64-h224-w224-c5-id11
overfeat,64,224,5,8649.5,347.846667,overfeat-n64-h224-w224-c5-id12
overfeat,64,224,5,8649.5,171.7894077,overfeat-n64-h224-w224-c5-id13
overfeat,64,224,5,8649.5,237.8681501,overfeat-n64-h224-w224-c5-id14
overfeat,64,224,5,6601.5,233.798027,overfeat-n64-h224-w224-c5-id15
overfeat,64,224,5,8649.5,259.2345079,overfeat-n64-h224-w224-c5-id16
overfeat,64,224,5,8649.5,311.5928968,overfeat-n64-h224-w224-c5-id17
overfeat,64,224,5,4553.5,424.1966407,overfeat-n64-h224-w224-c5-id18
overfeat,64,224,5,8649.5,537.6056035,overfeat-n64-h224-w224-c5-id19
overfeat,64,224,5,8649.5,180.0658703,overfeat-n64-h224-w224-c5-id20
overfeat,64,224,7,8137.5,204.2694092,overfeat-n64-h224-w224-c7-id6
overfeat,64,224,7,8649.5,274.2706935,overfeat-n64-h224-w224-c7-id7
overfeat,64,224,7,8649.5,448.0111599,overfeat-n64-h224-w224-c7-id8
overfeat,64,224,7,8137.5,193.9458052,overfeat-n64-h224-w224-c7-id9
overfeat,64,224,7,6601.5,234.9654833,overfeat-n64-h224-w224-c7-id10
overfeat,64,224,7,8649.5,156.6023032,overfeat-n64-h224-w224-c7-id11
overfeat,64,224,7,8649.5,347.5121657,overfeat-n64-h224-w224-c7-id12
overfeat,64,224,7,8649.5,459.1612816,overfeat-n64-h224-w224-c7-id13
overfeat,64,224,7,6601.5,184.3241851,overfeat-n64-h224-w224-c7-id14
overfeat,64,224,7,8649.5,268.2860692,overfeat-n64-h224-w224-c7-id15
overfeat,64,224,7,8649.5,280.067126,overfeat-n64-h224-w224-c7-id16
overfeat,64,224,7,8137.5,150.7910093,overfeat-n64-h224-w224-c7-id17
overfeat,64,224,7,6601.5,204.3426832,overfeat-n64-h224-w224-c7-id18
overfeat,64,224,7,8649.5,339.2650286,overfeat-n64-h224-w224-c7-id19
overfeat,64,224,7,8137.5,149.9989033,overfeat-n64-h224-w224-c7-id20
overfeat,64,224,9,8649.5,402.1721681,overfeat-n64-h224-w224-c9-id6
overfeat,64,224,9,8649.5,469.7184563,overfeat-n64-h224-w224-c9-id7
overfeat,64,224,9,8649.5,256.9773992,overfeat-n64-h224-w224-c9-id8
overfeat,64,224,9,4553.5,558.1202507,overfeat-n64-h224-w224-c9-id9
overfeat,64,224,9,8649.5,349.572738,overfeat-n64-h224-w224-c9-id10
overfeat,64,224,9,8649.5,362.3352846,overfeat-n64-h224-w224-c9-id11
overfeat,64,224,9,6601.5,406.50781,overfeat-n64-h224-w224-c9-id12
overfeat,64,224,9,8649.5,237.9771868,overfeat-n64-h224-w224-c9-id13
overfeat,64,224,9,6601.5,491.2772973,overfeat-n64-h224-w224-c9-id14
overfeat,64,224,9,8649.5,339.5254612,overfeat-n64-h224-w224-c9-id15
overfeat,64,224,9,8649.5,212.1120294,overfeat-n64-h224-w224-c9-id16
overfeat,64,224,9,8649.5,192.879041,overfeat-n64-h224-w224-c9-id17
overfeat,64,224,9,8649.5,333.9187304,overfeat-n64-h224-w224-c9-id18
overfeat,64,224,9,8649.5,453.7645976,overfeat-n64-h224-w224-c9-id19
overfeat,64,224,9,4553.5,497.1954823,overfeat-n64-h224-w224-c9-id20
overfeat,80,224,1,8649.5,209.9650701,overfeat-n80-h224-w224-c1-id6
overfeat,80,224,1,8649.5,199.326992,overfeat-n80-h224-w224-c1-id7
overfeat,80,224,1,6601.5,524.3268808,overfeat-n80-h224-w224-c1-id8
overfeat,80,224,1,8649.5,190.2329922,overfeat-n80-h224-w224-c1-id9
overfeat,80,224,1,6601.5,161.1605485,overfeat-n80-h224-w224-c1-id10
overfeat,80,224,1,8649.5,495.5498377,overfeat-n80-h224-w224-c1-id11
overfeat,80,224,1,8649.5,497.1357187,overfeat-n80-h224-w224-c1-id12
overfeat,80,224,1,8649.5,409.9850655,overfeat-n80-h224-w224-c1-id13
overfeat,80,224,1,7625.5,167.268912,overfeat-n80-h224-w224-c1-id14
overfeat,80,224,1,8649.5,491.2205537,overfeat-n80-h224-w224-c1-id15
overfeat,80,224,1,8649.5,511.6373698,overfeat-n80-h224-w224-c1-id16
overfeat,80,224,1,6601.5,163.3148988,overfeat-n80-h224-w224-c1-id17
overfeat,80,224,1,6601.5,212.861379,overfeat-n80-h224-w224-c1-id18
overfeat,80,224,1,8649.5,141.5347258,overfeat-n80-h224-w224-c1-id19
overfeat,80,224,1,8649.5,392.6897844,overfeat-n80-h224-w224-c1-id20
overfeat,80,224,3,8649.5,222.789367,overfeat-n80-h224-w224-c3-id6
overfeat,80,224,3,6601.5,305.4616451,overfeat-n80-h224-w224-c3-id7
overfeat,80,224,3,8649.5,127.6687781,overfeat-n80-h224-w224-c3-id8
overfeat,80,224,3,4553.5,161.1543496,overfeat-n80-h224-w224-c3-id9
overfeat,80,224,3,4553.5,447.2894669,overfeat-n80-h224-w224-c3-id10
overfeat,80,224,3,6601.5,468.4877396,overfeat-n80-h224-w224-c3-id11
overfeat,80,224,3,8649.5,303.0181726,overfeat-n80-h224-w224-c3-id12
overfeat,80,224,3,6601.5,229.7257582,overfeat-n80-h224-w224-c3-id13
overfeat,80,224,3,7625.5,191.3401286,overfeat-n80-h224-w224-c3-id14
overfeat,80,224,3,8649.5,267.264684,overfeat-n80-h224-w224-c3-id15
overfeat,80,224,3,6601.5,396.1157799,overfeat-n80-h224-w224-c3-id16
overfeat,80,224,3,7625.5,194.7989464,overfeat-n80-h224-w224-c3-id17
overfeat,80,224,3,6601.5,241.6842779,overfeat-n80-h224-w224-c3-id18
overfeat,80,224,3,8649.5,180.4614067,overfeat-n80-h224-w224-c3-id19
overfeat,80,224,3,8649.5,391.2329674,overfeat-n80-h224-w224-c3-id20
overfeat,80,224,5,8649.5,451.9689878,overfeat-n80-h224-w224-c5-id6
overfeat,80,224,5,8649.5,186.4227454,overfeat-n80-h224-w224-c5-id7
overfeat,80,224,5,8137.5,236.3727887,overfeat-n80-h224-w224-c5-id8
overfeat,80,224,5,8137.5,234.6184254,overfeat-n80-h224-w224-c5-id9
overfeat,80,224,5,8649.5,161.3176664,overfeat-n80-h224-w224-c5-id10
overfeat,80,224,5,6601.5,324.6661027,overfeat-n80-h224-w224-c5-id11
overfeat,80,224,5,8649.5,167.4691041,overfeat-n80-h224-w224-c5-id12
overfeat,80,224,5,8649.5,264.8661137,overfeat-n80-h224-w224-c5-id13
overfeat,80,224,5,6601.5,335.4653517,overfeat-n80-h224-w224-c5-id14
overfeat,80,224,5,8649.5,165.2781963,overfeat-n80-h224-w224-c5-id15
overfeat,80,224,5,8649.5,270.0945536,overfeat-n80-h224-w224-c5-id16
overfeat,80,224,5,6601.5,407.0368608,overfeat-n80-h224-w224-c5-id17
overfeat,80,224,5,8649.5,235.7970874,overfeat-n80-h224-w224-c5-id18
overfeat,80,224,5,8137.5,233.8878314,overfeat-n80-h224-w224-c5-id19
overfeat,80,224,5,8137.5,222.9049206,overfeat-n80-h224-w224-c5-id20
overfeat,80,224,7,8649.5,462.0538553,overfeat-n80-h224-w224-c7-id6
overfeat,80,224,7,8649.5,265.3282483,overfeat-n80-h224-w224-c7-id7
overfeat,80,224,7,8649.5,242.7563667,overfeat-n80-h224-w224-c7-id8
overfeat,80,224,7,8137.5,172.2596486,overfeat-n80-h224-w224-c7-id9
overfeat,80,224,7,8649.5,318.0279732,overfeat-n80-h224-w224-c7-id10
overfeat,80,224,7,6601.5,172.9961236,overfeat-n80-h224-w224-c7-id11
overfeat,80,224,7,6601.5,251.874129,overfeat-n80-h224-w224-c7-id12
overfeat,80,224,7,8649.5,352.4010181,overfeat-n80-h224-w224-c7-id13
overfeat,80,224,7,8649.5,282.4060917,overfeat-n80-h224-w224-c7-id14
overfeat,80,224,7,8649.5,293.5041587,overfeat-n80-h224-w224-c7-id15
overfeat,80,224,7,8649.5,535.993576,overfeat-n80-h224-w224-c7-id16
overfeat,80,224,7,8649.5,339.6932284,overfeat-n80-h224-w224-c7-id17
overfeat,80,224,7,8649.5,472.6128578,overfeat-n80-h224-w224-c7-id18
overfeat,80,224,7,8649.5,297.1251806,overfeat-n80-h224-w224-c7-id19
overfeat,80,224,7,5065.5,197.625796,overfeat-n80-h224-w224-c7-id20
overfeat,80,224,9,8649.5,336.1206055,overfeat-n80-h224-w224-c9-id6
overfeat,80,224,9,8649.5,351.2606621,overfeat-n80-h224-w224-c9-id7
overfeat,80,224,9,8649.5,259.6329053,overfeat-n80-h224-w224-c9-id8
overfeat,80,224,9,8649.5,252.3845037,overfeat-n80-h224-w224-c9-id9
overfeat,80,224,9,8649.5,316.0912196,overfeat-n80-h224-w224-c9-id10
overfeat,80,224,9,8649.5,536.5730127,overfeat-n80-h224-w224-c9-id11
overfeat,80,224,9,8649.5,634.6143087,overfeat-n80-h224-w224-c9-id12
overfeat,80,224,9,8649.5,269.0775394,overfeat-n80-h224-w224-c9-id13
overfeat,80,224,9,8649.5,495.4045614,overfeat-n80-h224-w224-c9-id14
overfeat,80,224,9,8649.5,547.0937093,overfeat-n80-h224-w224-c9-id15
overfeat,80,224,9,8649.5,228.7822564,overfeat-n80-h224-w224-c9-id16
overfeat,80,224,9,8649.5,242.0215607,overfeat-n80-h224-w224-c9-id17
overfeat,80,224,9,8649.5,382.5502396,overfeat-n80-h224-w224-c9-id18
overfeat,80,224,9,6601.5,441.9912497,overfeat-n80-h224-w224-c9-id19
overfeat,80,224,9,8649.5,241.4902846,overfeat-n80-h224-w224-c9-id20
overfeat,96,224,1,8649.5,435.9560808,overfeat-n96-h224-w224-c1-id6
overfeat,96,224,1,8649.5,322.1961657,overfeat-n96-h224-w224-c1-id7
overfeat,96,224,1,8649.5,257.9739094,overfeat-n96-h224-w224-c1-id8
overfeat,96,224,1,8649.5,159.1281891,overfeat-n96-h224-w224-c1-id9
overfeat,96,224,1,8649.5,523.4885216,overfeat-n96-h224-w224-c1-id10
overfeat,96,224,1,7625.5,165.5305227,overfeat-n96-h224-w224-c1-id11
overfeat,96,224,1,7625.5,206.7053318,overfeat-n96-h224-w224-c1-id12
overfeat,96,224,1,6601.5,297.7560361,overfeat-n96-h224-w224-c1-id13
overfeat,96,224,1,8649.5,184.9547227,overfeat-n96-h224-w224-c1-id14
overfeat,96,224,1,8649.5,460.3280226,overfeat-n96-h224-w224-c1-id15
overfeat,96,224,1,8649.5,185.317119,overfeat-n96-h224-w224-c1-id16
overfeat,96,224,1,8649.5,359.8583539,overfeat-n96-h224-w224-c1-id17
overfeat,96,224,1,8649.5,265.8904394,overfeat-n96-h224-w224-c1-id18
overfeat,96,224,1,8649.5,304.7843774,overfeat-n96-h224-w224-c1-id19
overfeat,96,224,1,6601.5,180.4454327,overfeat-n96-h224-w224-c1-id20
overfeat,96,224,3,8649.5,265.3358777,overfeat-n96-h224-w224-c3-id6
overfeat,96,224,3,6601.5,274.6130625,overfeat-n96-h224-w224-c3-id7
overfeat,96,224,3,6601.5,167.5633589,overfeat-n96-h224-w224-c3-id8
overfeat,96,224,3,8649.5,328.5544713,overfeat-n96-h224-w224-c3-id9
overfeat,96,224,3,8649.5,364.2394543,overfeat-n96-h224-w224-c3-id10
overfeat,96,224,3,6601.5,408.1935088,overfeat-n96-h224-w224-c3-id11
overfeat,96,224,3,8649.5,162.9485289,overfeat-n96-h224-w224-c3-id12
overfeat,96,224,3,6601.5,416.4640109,overfeat-n96-h224-w224-c3-id13
overfeat,96,224,3,6601.5,254.3110053,overfeat-n96-h224-w224-c3-id14
overfeat,96,224,3,8649.5,150.5599817,overfeat-n96-h224-w224-c3-id15
overfeat,96,224,3,6601.5,251.9930204,overfeat-n96-h224-w224-c3-id16
overfeat,96,224,3,8649.5,289.8836136,overfeat-n96-h224-w224-c3-id17
overfeat,96,224,3,8649.5,466.0082658,overfeat-n96-h224-w224-c3-id18
overfeat,96,224,3,8649.5,467.0942624,overfeat-n96-h224-w224-c3-id19
overfeat,96,224,3,8649.5,236.9169394,overfeat-n96-h224-w224-c3-id20
overfeat,96,224,5,8649.5,334.0459665,overfeat-n96-h224-w224-c5-id6
overfeat,96,224,5,6601.5,255.2262147,overfeat-n96-h224-w224-c5-id7
overfeat,96,224,5,8137.5,194.3090757,overfeat-n96-h224-w224-c5-id8
overfeat,96,224,5,8649.5,211.4210129,overfeat-n96-h224-w224-c5-id9
overfeat,96,224,5,8649.5,544.9291865,overfeat-n96-h224-w224-c5-id10
overfeat,96,224,5,6601.5,187.1174971,overfeat-n96-h224-w224-c5-id11
overfeat,96,224,5,8649.5,273.7183571,overfeat-n96-h224-w224-c5-id12
overfeat,96,224,5,6601.5,363.0584081,overfeat-n96-h224-w224-c5-id13
overfeat,96,224,5,8137.5,186.0768,overfeat-n96-h224-w224-c5-id14
overfeat,96,224,5,8649.5,294.7794596,overfeat-n96-h224-w224-c5-id15
overfeat,96,224,5,8137.5,172.0970472,overfeat-n96-h224-w224-c5-id16
overfeat,96,224,5,8649.5,350.1732349,overfeat-n96-h224-w224-c5-id17
overfeat,96,224,5,8649.5,243.6196804,overfeat-n96-h224-w224-c5-id18
overfeat,96,224,5,8649.5,323.1267134,overfeat-n96-h224-w224-c5-id19
overfeat,96,224,5,8649.5,273.323218,overfeat-n96-h224-w224-c5-id20
overfeat,96,224,7,8649.5,195.6457297,overfeat-n96-h224-w224-c7-id6
overfeat,96,224,7,8649.5,505.1058133,overfeat-n96-h224-w224-c7-id7
overfeat,96,224,7,6601.5,361.4509106,overfeat-n96-h224-w224-c7-id8
overfeat,96,224,7,8649.5,248.715957,overfeat-n96-h224-w224-c7-id9
overfeat,96,224,7,8649.5,305.9848944,overfeat-n96-h224-w224-c7-id10
overfeat,96,224,7,8649.5,271.2244987,overfeat-n96-h224-w224-c7-id11
overfeat,96,224,7,8649.5,187.3379548,overfeat-n96-h224-w224-c7-id12
overfeat,96,224,7,8649.5,180.1257928,overfeat-n96-h224-w224-c7-id13
overfeat,96,224,7,8649.5,280.0702254,overfeat-n96-h224-w224-c7-id14
overfeat,96,224,7,6601.5,213.6092981,overfeat-n96-h224-w224-c7-id15
overfeat,96,224,7,6601.5,228.2684644,overfeat-n96-h224-w224-c7-id16
overfeat,96,224,7,6601.5,268.8200474,overfeat-n96-h224-w224-c7-id17
overfeat,96,224,7,8649.5,369.7757721,overfeat-n96-h224-w224-c7-id18
overfeat,96,224,7,8649.5,317.1387513,overfeat-n96-h224-w224-c7-id19
overfeat,96,224,7,8649.5,282.2549343,overfeat-n96-h224-w224-c7-id20
overfeat,96,224,9,7625.5,407.4299335,overfeat-n96-h224-w224-c9-id6
overfeat,96,224,9,8649.5,636.1034711,overfeat-n96-h224-w224-c9-id7
overfeat,96,224,9,7625.5,261.7032528,overfeat-n96-h224-w224-c9-id8
overfeat,96,224,9,7625.5,469.7678089,overfeat-n96-h224-w224-c9-id9
overfeat,96,224,9,7625.5,381.5542857,overfeat-n96-h224-w224-c9-id10
overfeat,96,224,9,7625.5,318.3174928,overfeat-n96-h224-w224-c9-id11
overfeat,96,224,9,8649.5,606.1475277,overfeat-n96-h224-w224-c9-id12
overfeat,96,224,9,7625.5,402.4831454,overfeat-n96-h224-w224-c9-id13
overfeat,96,224,9,4553.5,574.7923056,overfeat-n96-h224-w224-c9-id14
overfeat,96,224,9,7625.5,260.0416342,overfeat-n96-h224-w224-c9-id15
overfeat,96,224,9,8649.5,656.1224461,overfeat-n96-h224-w224-c9-id16
overfeat,96,224,9,8649.5,475.1834075,overfeat-n96-h224-w224-c9-id17
overfeat,96,224,9,7625.5,261.710008,overfeat-n96-h224-w224-c9-id18
overfeat,96,224,9,7625.5,266.2924925,overfeat-n96-h224-w224-c9-id19
overfeat,96,224,9,5577.5,573.5568206,overfeat-n96-h224-w224-c9-id20
overfeat,112,224,1,8649.5,177.6886781,overfeat-n112-h224-w224-c1-id6
overfeat,112,224,1,8649.5,337.9870256,overfeat-n112-h224-w224-c1-id7
overfeat,112,224,1,8649.5,179.0298621,overfeat-n112-h224-w224-c1-id8
overfeat,112,224,1,8649.5,120.3726927,overfeat-n112-h224-w224-c1-id9
overfeat,112,224,1,8649.5,257.3732535,overfeat-n112-h224-w224-c1-id10
overfeat,112,224,1,8649.5,224.8013814,overfeat-n112-h224-w224-c1-id11
overfeat,112,224,1,8649.5,171.1889903,overfeat-n112-h224-w224-c1-id12
overfeat,112,224,1,8649.5,321.7163086,overfeat-n112-h224-w224-c1-id13
overfeat,112,224,1,8649.5,157.2751999,overfeat-n112-h224-w224-c1-id14
overfeat,112,224,1,8649.5,198.5913118,overfeat-n112-h224-w224-c1-id15
overfeat,112,224,1,8649.5,238.6007309,overfeat-n112-h224-w224-c1-id16
overfeat,112,224,1,6601.5,228.763183,overfeat-n112-h224-w224-c1-id17
overfeat,112,224,1,8649.5,368.9680099,overfeat-n112-h224-w224-c1-id18
overfeat,112,224,1,8649.5,147.541364,overfeat-n112-h224-w224-c1-id19
overfeat,112,224,1,8649.5,358.9959939,overfeat-n112-h224-w224-c1-id20
overfeat,112,224,3,8649.5,215.7870134,overfeat-n112-h224-w224-c3-id6
overfeat,112,224,3,8649.5,240.8181826,overfeat-n112-h224-w224-c3-id7
overfeat,112,224,3,8649.5,298.0006536,overfeat-n112-h224-w224-c3-id8
overfeat,112,224,3,8649.5,155.8375359,overfeat-n112-h224-w224-c3-id9
overfeat,112,224,3,8649.5,244.5865472,overfeat-n112-h224-w224-c3-id10
overfeat,112,224,3,8649.5,172.9964415,overfeat-n112-h224-w224-c3-id11
overfeat,112,224,3,8649.5,608.7234815,overfeat-n112-h224-w224-c3-id12
overfeat,112,224,3,8649.5,469.7913329,overfeat-n112-h224-w224-c3-id13
overfeat,112,224,3,8649.5,371.5409438,overfeat-n112-h224-w224-c3-id14
overfeat,112,224,3,6601.5,249.8088678,overfeat-n112-h224-w224-c3-id15
overfeat,112,224,3,8649.5,175.867637,overfeat-n112-h224-w224-c3-id16
overfeat,112,224,3,8649.5,366.9787248,overfeat-n112-h224-w224-c3-id17
overfeat,112,224,3,8649.5,214.5040035,overfeat-n112-h224-w224-c3-id18
overfeat,112,224,3,8649.5,385.8207862,overfeat-n112-h224-w224-c3-id19
overfeat,112,224,3,6601.5,375.7210573,overfeat-n112-h224-w224-c3-id20
overfeat,112,224,5,8649.5,411.4345709,overfeat-n112-h224-w224-c5-id6
overfeat,112,224,5,8649.5,560.3396098,overfeat-n112-h224-w224-c5-id7
overfeat,112,224,5,8649.5,435.9389941,overfeat-n112-h224-w224-c5-id8
overfeat,112,224,5,8649.5,494.0249125,overfeat-n112-h224-w224-c5-id9
overfeat,112,224,5,8649.5,594.2820708,overfeat-n112-h224-w224-c5-id10
overfeat,112,224,5,8649.5,330.5265109,overfeat-n112-h224-w224-c5-id11
overfeat,112,224,5,8649.5,350.4727681,overfeat-n112-h224-w224-c5-id12
overfeat,112,224,5,6601.5,199.6307373,overfeat-n112-h224-w224-c5-id13
overfeat,112,224,5,8649.5,391.8449879,overfeat-n112-h224-w224-c5-id14
overfeat,112,224,5,8649.5,185.8375867,overfeat-n112-h224-w224-c5-id15
overfeat,112,224,5,8649.5,243.6792056,overfeat-n112-h224-w224-c5-id16
overfeat,112,224,5,8649.5,332.3589166,overfeat-n112-h224-w224-c5-id17
overfeat,112,224,5,8649.5,192.2596296,overfeat-n112-h224-w224-c5-id18
overfeat,112,224,5,8649.5,249.8260339,overfeat-n112-h224-w224-c5-id19
overfeat,112,224,5,8649.5,360.8623346,overfeat-n112-h224-w224-c5-id20
overfeat,112,224,7,7625.5,473.4491507,overfeat-n112-h224-w224-c7-id6
overfeat,112,224,7,7625.5,231.1341763,overfeat-n112-h224-w224-c7-id7
overfeat,112,224,7,7625.5,280.302763,overfeat-n112-h224-w224-c7-id8
overfeat,112,224,7,7625.5,270.743529,overfeat-n112-h224-w224-c7-id9
overfeat,112,224,7,7625.5,354.4958433,overfeat-n112-h224-w224-c7-id10
overfeat,112,224,7,7625.5,311.0744158,overfeat-n112-h224-w224-c7-id11
overfeat,112,224,7,7625.5,430.4493268,overfeat-n112-h224-w224-c7-id12
overfeat,112,224,7,8649.5,580.8748404,overfeat-n112-h224-w224-c7-id13
overfeat,112,224,7,8649.5,547.3716259,overfeat-n112-h224-w224-c7-id14
overfeat,112,224,7,8649.5,442.5683816,overfeat-n112-h224-w224-c7-id15
overfeat,112,224,7,7625.5,263.4603182,overfeat-n112-h224-w224-c7-id16
overfeat,112,224,7,7625.5,424.6122837,overfeat-n112-h224-w224-c7-id17
overfeat,112,224,7,7625.5,404.7764937,overfeat-n112-h224-w224-c7-id18
overfeat,112,224,7,8649.5,518.8608964,overfeat-n112-h224-w224-c7-id19
overfeat,112,224,7,8649.5,627.3940404,overfeat-n112-h224-w224-c7-id20
overfeat,112,224,9,8649.5,630.822897,overfeat-n112-h224-w224-c9-id6
overfeat,112,224,9,8649.5,570.1979001,overfeat-n112-h224-w224-c9-id7
overfeat,112,224,9,7625.5,281.9315592,overfeat-n112-h224-w224-c9-id8
overfeat,112,224,9,7625.5,258.5610549,overfeat-n112-h224-w224-c9-id9
overfeat,112,224,9,7625.5,379.726092,overfeat-n112-h224-w224-c9-id10
overfeat,112,224,9,8649.5,521.2702751,overfeat-n112-h224-w224-c9-id11
overfeat,112,224,9,7625.5,313.0235672,overfeat-n112-h224-w224-c9-id12
overfeat,112,224,9,7625.5,242.6665624,overfeat-n112-h224-w224-c9-id13
overfeat,112,224,9,7625.5,525.3722668,overfeat-n112-h224-w224-c9-id14
overfeat,112,224,9,7625.5,360.238711,overfeat-n112-h224-w224-c9-id15
overfeat,112,224,9,8649.5,644.3778674,overfeat-n112-h224-w224-c9-id16
overfeat,112,224,9,7625.5,291.8419838,overfeat-n112-h224-w224-c9-id17
overfeat,112,224,9,7625.5,264.977932,overfeat-n112-h224-w224-c9-id18
overfeat,112,224,9,7625.5,262.0237668,overfeat-n112-h224-w224-c9-id19
overfeat,112,224,9,8649.5,709.165891,overfeat-n112-h224-w224-c9-id20
overfeat,128,224,1,8649.5,483.0749035,overfeat-n128-h224-w224-c1-id6
overfeat,128,224,1,10697.5,377.4427573,overfeat-n128-h224-w224-c1-id7
overfeat,128,224,1,8649.5,623.6813863,overfeat-n128-h224-w224-c1-id8
overfeat,128,224,1,8649.5,306.9489002,overfeat-n128-h224-w224-c1-id9
overfeat,128,224,1,8649.5,422.1966267,overfeat-n128-h224-w224-c1-id10
overfeat,128,224,1,8649.5,278.453509,overfeat-n128-h224-w224-c1-id11
overfeat,128,224,1,8649.5,623.2221127,overfeat-n128-h224-w224-c1-id12
overfeat,128,224,1,8649.5,197.5707213,overfeat-n128-h224-w224-c1-id13
overfeat,128,224,1,8649.5,429.3260574,overfeat-n128-h224-w224-c1-id14
overfeat,128,224,1,8649.5,173.3709176,overfeat-n128-h224-w224-c1-id15
overfeat,128,224,1,6601.5,260.5702877,overfeat-n128-h224-w224-c1-id16
overfeat,128,224,1,10697.5,404.4725895,overfeat-n128-h224-w224-c1-id17
overfeat,128,224,1,8649.5,160.1072152,overfeat-n128-h224-w224-c1-id18
overfeat,128,224,1,8649.5,304.6397368,overfeat-n128-h224-w224-c1-id19
overfeat,128,224,1,8649.5,244.7182337,overfeat-n128-h224-w224-c1-id20
overfeat,128,224,3,8649.5,303.653876,overfeat-n128-h224-w224-c3-id6
overfeat,128,224,3,6601.5,396.528244,overfeat-n128-h224-w224-c3-id7
overfeat,128,224,3,8649.5,331.4902782,overfeat-n128-h224-w224-c3-id8
overfeat,128,224,3,8137.5,244.4687684,overfeat-n128-h224-w224-c3-id9
overfeat,128,224,3,6601.5,340.8557574,overfeat-n128-h224-w224-c3-id10
overfeat,128,224,3,8649.5,573.917071,overfeat-n128-h224-w224-c3-id11
overfeat,128,224,3,8649.5,357.6238155,overfeat-n128-h224-w224-c3-id12
overfeat,128,224,3,8649.5,581.308047,overfeat-n128-h224-w224-c3-id13
overfeat,128,224,3,8649.5,421.5065638,overfeat-n128-h224-w224-c3-id14
overfeat,128,224,3,8649.5,377.0213922,overfeat-n128-h224-w224-c3-id15
overfeat,128,224,3,8649.5,456.1874072,overfeat-n128-h224-w224-c3-id16
overfeat,128,224,3,8649.5,299.826781,overfeat-n128-h224-w224-c3-id17
overfeat,128,224,3,8649.5,333.0367406,overfeat-n128-h224-w224-c3-id18
overfeat,128,224,3,8649.5,384.2773438,overfeat-n128-h224-w224-c3-id19
overfeat,128,224,3,6601.5,199.8548508,overfeat-n128-h224-w224-c3-id20
overfeat,128,224,5,8649.5,195.4482396,overfeat-n128-h224-w224-c5-id6
overfeat,128,224,5,8649.5,251.8227895,overfeat-n128-h224-w224-c5-id7
overfeat,128,224,5,8649.5,429.7866027,overfeat-n128-h224-w224-c5-id8
overfeat,128,224,5,8649.5,285.1261298,overfeat-n128-h224-w224-c5-id9
overfeat,128,224,5,8649.5,447.1511046,overfeat-n128-h224-w224-c5-id10
overfeat,128,224,5,8649.5,201.3106346,overfeat-n128-h224-w224-c5-id11
overfeat,128,224,5,8649.5,335.3958925,overfeat-n128-h224-w224-c5-id12
overfeat,128,224,5,8649.5,324.713707,overfeat-n128-h224-w224-c5-id13
overfeat,128,224,5,8649.5,234.2357635,overfeat-n128-h224-w224-c5-id14
overfeat,128,224,5,8649.5,299.9640306,overfeat-n128-h224-w224-c5-id15
overfeat,128,224,5,8649.5,213.4203911,overfeat-n128-h224-w224-c5-id16
overfeat,128,224,5,8649.5,367.8117593,overfeat-n128-h224-w224-c5-id17
overfeat,128,224,5,8649.5,433.9973927,overfeat-n128-h224-w224-c5-id18
overfeat,128,224,5,8649.5,444.3946679,overfeat-n128-h224-w224-c5-id19
overfeat,128,224,5,8649.5,341.461579,overfeat-n128-h224-w224-c5-id20
overfeat,128,224,7,7625.5,258.6522897,overfeat-n128-h224-w224-c7-id6
overfeat,128,224,7,7625.5,260.0384553,overfeat-n128-h224-w224-c7-id7
overfeat,128,224,7,4553.5,759.8596414,overfeat-n128-h224-w224-c7-id8
overfeat,128,224,7,7625.5,271.3062763,overfeat-n128-h224-w224-c7-id9
overfeat,128,224,7,7625.5,320.2688694,overfeat-n128-h224-w224-c7-id10
overfeat,128,224,7,7625.5,253.0642351,overfeat-n128-h224-w224-c7-id11
overfeat,128,224,7,7625.5,311.5584056,overfeat-n128-h224-w224-c7-id12
overfeat,128,224,7,7625.5,293.085893,overfeat-n128-h224-w224-c7-id13
overfeat,128,224,7,5577.5,596.266667,overfeat-n128-h224-w224-c7-id14
overfeat,128,224,7,7625.5,253.7097136,overfeat-n128-h224-w224-c7-id15
overfeat,128,224,7,8649.5,469.6770509,overfeat-n128-h224-w224-c7-id16
overfeat,128,224,7,8649.5,455.5297693,overfeat-n128-h224-w224-c7-id17
overfeat,128,224,7,7625.5,471.1573124,overfeat-n128-h224-w224-c7-id18
overfeat,128,224,7,7625.5,615.5158679,overfeat-n128-h224-w224-c7-id19
overfeat,128,224,7,7625.5,308.5304101,overfeat-n128-h224-w224-c7-id20
overfeat,128,224,9,7625.5,445.0327555,overfeat-n128-h224-w224-c9-id6
overfeat,128,224,9,7625.5,229.5628389,overfeat-n128-h224-w224-c9-id7
overfeat,128,224,9,8649.5,555.6981564,overfeat-n128-h224-w224-c9-id8
overfeat,128,224,9,8649.5,689.4884904,overfeat-n128-h224-w224-c9-id9
overfeat,128,224,9,7625.5,282.0106347,overfeat-n128-h224-w224-c9-id10
overfeat,128,224,9,8649.5,688.2298787,overfeat-n128-h224-w224-c9-id11
overfeat,128,224,9,8649.5,803.9859136,overfeat-n128-h224-w224-c9-id12
overfeat,128,224,9,7625.5,280.7067235,overfeat-n128-h224-w224-c9-id13
overfeat,128,224,9,8649.5,757.4503422,overfeat-n128-h224-w224-c9-id14
overfeat,128,224,9,7625.5,389.6626631,overfeat-n128-h224-w224-c9-id15
overfeat,128,224,9,7625.5,290.6481425,overfeat-n128-h224-w224-c9-id16
overfeat,128,224,9,7625.5,317.7627722,overfeat-n128-h224-w224-c9-id17
overfeat,128,224,9,7625.5,380.8642228,overfeat-n128-h224-w224-c9-id18
overfeat,128,224,9,8649.5,497.8576501,overfeat-n128-h224-w224-c9-id19
overfeat,128,224,9,7625.5,349.1808573,overfeat-n128-h224-w224-c9-id20