model_name,bz,in_shape,channel,mem_mb,time,per_single_model_name
alexnet_v2,16,224,1,8649.5,60.1404508,alexnet_v2-n16-h224-w224-c1-id1
alexnet_v2,16,224,1,8585.5,30.79374631,alexnet_v2-n16-h224-w224-c1-id2
alexnet_v2,16,224,1,8649.5,106.8147024,alexnet_v2-n16-h224-w224-c1-id3
alexnet_v2,16,224,1,8585.5,30.71951866,alexnet_v2-n16-h224-w224-c1-id4
alexnet_v2,16,224,1,8649.5,64.30482864,alexnet_v2-n16-h224-w224-c1-id5
alexnet_v2,16,224,3,8649.5,66.21305148,alexnet_v2-n16-h224-w224-c3-id1
alexnet_v2,16,224,3,8649.5,71.42964999,alexnet_v2-n16-h224-w224-c3-id2
alexnet_v2,16,224,3,8649.5,68.06548436,alexnet_v2-n16-h224-w224-c3-id3
alexnet_v2,16,224,3,6601.5,47.69523938,alexnet_v2-n16-h224-w224-c3-id4
alexnet_v2,16,224,3,8649.5,63.29067548,alexnet_v2-n16-h224-w224-c3-id5
alexnet_v2,16,224,5,8649.5,39.92009163,alexnet_v2-n16-h224-w224-c5-id1
alexnet_v2,16,224,5,8585.5,35.01089414,alexnet_v2-n16-h224-w224-c5-id2
alexnet_v2,16,224,5,7561.5,29.47243055,alexnet_v2-n16-h224-w224-c5-id3
alexnet_v2,16,224,5,8649.5,60.72100004,alexnet_v2-n16-h224-w224-c5-id4
alexnet_v2,16,224,5,6601.5,68.60629718,alexnet_v2-n16-h224-w224-c5-id5
alexnet_v2,16,224,7,8649.5,58.76779556,alexnet_v2-n16-h224-w224-c7-id1
alexnet_v2,16,224,7,8585.5,42.73986816,alexnet_v2-n16-h224-w224-c7-id2
alexnet_v2,16,224,7,8649.5,101.3095379,alexnet_v2-n16-h224-w224-c7-id3
alexnet_v2,16,224,7,7625.5,41.88132286,alexnet_v2-n16-h224-w224-c7-id4
alexnet_v2,16,224,7,6601.5,53.57098579,alexnet_v2-n16-h224-w224-c7-id5
alexnet_v2,16,224,9,8649.5,77.85646121,alexnet_v2-n16-h224-w224-c9-id1
alexnet_v2,16,224,9,8649.5,52.87631353,alexnet_v2-n16-h224-w224-c9-id2
alexnet_v2,16,224,9,6601.5,71.570158,alexnet_v2-n16-h224-w224-c9-id3
alexnet_v2,16,224,9,5577.5,66.78811709,alexnet_v2-n16-h224-w224-c9-id4
alexnet_v2,16,224,9,8585.5,38.61514727,alexnet_v2-n16-h224-w224-c9-id5
alexnet_v2,32,224,1,8649.5,73.71385892,alexnet_v2-n32-h224-w224-c1-id1
alexnet_v2,32,224,1,8649.5,114.565134,alexnet_v2-n32-h224-w224-c1-id2
alexnet_v2,32,224,1,8649.5,65.81783295,alexnet_v2-n32-h224-w224-c1-id3
alexnet_v2,32,224,1,7561.5,42.82156626,alexnet_v2-n32-h224-w224-c1-id4
alexnet_v2,32,224,1,5577.5,70.11508942,alexnet_v2-n32-h224-w224-c1-id5
alexnet_v2,32,224,3,7625.5,60.06169319,alexnet_v2-n32-h224-w224-c3-id1
alexnet_v2,32,224,3,8649.5,117.5178687,alexnet_v2-n32-h224-w224-c3-id2
alexnet_v2,32,224,3,8649.5,122.0382055,alexnet_v2-n32-h224-w224-c3-id3
alexnet_v2,32,224,3,6601.5,73.18083445,alexnet_v2-n32-h224-w224-c3-id4
alexnet_v2,32,224,3,8649.5,82.62991905,alexnet_v2-n32-h224-w224-c3-id5
alexnet_v2,32,224,5,8649.5,74.94648298,alexnet_v2-n32-h224-w224-c5-id1
alexnet_v2,32,224,5,8649.5,80.66868782,alexnet_v2-n32-h224-w224-c5-id2
alexnet_v2,32,224,5,5577.5,58.31336975,alexnet_v2-n32-h224-w224-c5-id3
alexnet_v2,32,224,5,8649.5,83.0051899,alexnet_v2-n32-h224-w224-c5-id4
alexnet_v2,32,224,5,6601.5,77.50336329,alexnet_v2-n32-h224-w224-c5-id5
alexnet_v2,32,224,7,8649.5,138.6756897,alexnet_v2-n32-h224-w224-c7-id1
alexnet_v2,32,224,7,8393.5,68.37733587,alexnet_v2-n32-h224-w224-c7-id2
alexnet_v2,32,224,7,5321.5,74.14595286,alexnet_v2-n32-h224-w224-c7-id3
alexnet_v2,32,224,7,8393.5,70.02925873,alexnet_v2-n32-h224-w224-c7-id4
alexnet_v2,32,224,7,6601.5,87.49890327,alexnet_v2-n32-h224-w224-c7-id5
alexnet_v2,32,224,9,8649.5,138.1040414,alexnet_v2-n32-h224-w224-c9-id1
alexnet_v2,32,224,9,8649.5,148.1995583,alexnet_v2-n32-h224-w224-c9-id2
alexnet_v2,32,224,9,8585.5,69.31535403,alexnet_v2-n32-h224-w224-c9-id3
alexnet_v2,32,224,9,8649.5,149.8902639,alexnet_v2-n32-h224-w224-c9-id4
alexnet_v2,32,224,9,8649.5,110.4438305,alexnet_v2-n32-h224-w224-c9-id5
alexnet_v2,48,224,1,5577.5,62.65234947,alexnet_v2-n48-h224-w224-c1-id1
alexnet_v2,48,224,1,8649.5,54.88443375,alexnet_v2-n48-h224-w224-c1-id2
alexnet_v2,48,224,1,6601.5,60.1995786,alexnet_v2-n48-h224-w224-c1-id3
alexnet_v2,48,224,1,5577.5,74.5651722,alexnet_v2-n48-h224-w224-c1-id4
alexnet_v2,48,224,1,7625.5,69.66567039,alexnet_v2-n48-h224-w224-c1-id5
alexnet_v2,48,224,3,6601.5,83.40851466,alexnet_v2-n48-h224-w224-c3-id1
alexnet_v2,48,224,3,8649.5,116.9740359,alexnet_v2-n48-h224-w224-c3-id2
alexnet_v2,48,224,3,8585.5,55.47523499,alexnet_v2-n48-h224-w224-c3-id3
alexnet_v2,48,224,3,8137.5,52.97422409,alexnet_v2-n48-h224-w224-c3-id4
alexnet_v2,48,224,3,8137.5,59.92690722,alexnet_v2-n48-h224-w224-c3-id5
alexnet_v2,48,224,5,8649.5,142.9165204,alexnet_v2-n48-h224-w224-c5-id1
alexnet_v2,48,224,5,8649.5,83.9955012,alexnet_v2-n48-h224-w224-c5-id2
alexnet_v2,48,224,5,6601.5,99.84151522,alexnet_v2-n48-h224-w224-c5-id3
alexnet_v2,48,224,5,8649.5,143.6881224,alexnet_v2-n48-h224-w224-c5-id4
alexnet_v2,48,224,5,8393.5,99.06053543,alexnet_v2-n48-h224-w224-c5-id5
alexnet_v2,48,224,7,8649.5,150.2948602,alexnet_v2-n48-h224-w224-c7-id1
alexnet_v2,48,224,7,8649.5,146.7103958,alexnet_v2-n48-h224-w224-c7-id2
alexnet_v2,48,224,7,6601.5,100.5476316,alexnet_v2-n48-h224-w224-c7-id3
alexnet_v2,48,224,7,6601.5,104.3763161,alexnet_v2-n48-h224-w224-c7-id4
alexnet_v2,48,224,7,8649.5,108.7899208,alexnet_v2-n48-h224-w224-c7-id5
alexnet_v2,48,224,9,6089.5,118.9702352,alexnet_v2-n48-h224-w224-c9-id1
alexnet_v2,48,224,9,8073.5,99.19381142,alexnet_v2-n48-h224-w224-c9-id2
alexnet_v2,48,224,9,8137.5,170.3770161,alexnet_v2-n48-h224-w224-c9-id3
alexnet_v2,48,224,9,8073.5,91.979901,alexnet_v2-n48-h224-w224-c9-id4
alexnet_v2,48,224,9,8137.5,97.35671679,alexnet_v2-n48-h224-w224-c9-id5
alexnet_v2,64,224,1,7625.5,54.62439855,alexnet_v2-n64-h224-w224-c1-id1
alexnet_v2,64,224,1,6601.5,72.55927722,alexnet_v2-n64-h224-w224-c1-id2
alexnet_v2,64,224,1,6601.5,81.6090107,alexnet_v2-n64-h224-w224-c1-id3
alexnet_v2,64,224,1,7625.5,73.84530703,alexnet_v2-n64-h224-w224-c1-id4
alexnet_v2,64,224,1,8585.5,52.77180672,alexnet_v2-n64-h224-w224-c1-id5
alexnet_v2,64,224,3,5577.5,95.74270248,alexnet_v2-n64-h224-w224-c3-id1
alexnet_v2,64,224,3,8393.5,86.7904822,alexnet_v2-n64-h224-w224-c3-id2
alexnet_v2,64,224,3,8649.5,131.6651503,alexnet_v2-n64-h224-w224-c3-id3
alexnet_v2,64,224,3,7817.5,65.61613083,alexnet_v2-n64-h224-w224-c3-id4
alexnet_v2,64,224,3,8393.5,80.5255572,alexnet_v2-n64-h224-w224-c3-id5
alexnet_v2,64,224,5,8585.5,83.2892259,alexnet_v2-n64-h224-w224-c5-id1
alexnet_v2,64,224,5,8649.5,94.36313311,alexnet_v2-n64-h224-w224-c5-id2
alexnet_v2,64,224,5,6601.5,94.16858355,alexnet_v2-n64-h224-w224-c5-id3
alexnet_v2,64,224,5,8585.5,100.1318296,alexnet_v2-n64-h224-w224-c5-id4
alexnet_v2,64,224,5,7625.5,98.90826543,alexnet_v2-n64-h224-w224-c5-id5
alexnet_v2,64,224,7,6089.5,117.0105934,alexnet_v2-n64-h224-w224-c7-id1
alexnet_v2,64,224,7,8137.5,112.9045486,alexnet_v2-n64-h224-w224-c7-id2
alexnet_v2,64,224,7,8137.5,127.6328564,alexnet_v2-n64-h224-w224-c7-id3
alexnet_v2,64,224,7,8137.5,120.2914715,alexnet_v2-n64-h224-w224-c7-id4
alexnet_v2,64,224,7,8137.5,112.9730543,alexnet_v2-n64-h224-w224-c7-id5
alexnet_v2,64,224,9,6089.5,138.4917895,alexnet_v2-n64-h224-w224-c9-id1
alexnet_v2,64,224,9,8137.5,100.8763313,alexnet_v2-n64-h224-w224-c9-id2
alexnet_v2,64,224,9,8137.5,182.6002598,alexnet_v2-n64-h224-w224-c9-id3
alexnet_v2,64,224,9,8137.5,146.9731331,alexnet_v2-n64-h224-w224-c9-id4
alexnet_v2,64,224,9,8137.5,182.2123528,alexnet_v2-n64-h224-w224-c9-id5
alexnet_v2,80,224,1,8649.5,84.34065183,alexnet_v2-n80-h224-w224-c1-id1
alexnet_v2,80,224,1,7625.5,59.49290593,alexnet_v2-n80-h224-w224-c1-id2
alexnet_v2,80,224,1,8073.5,57.95915922,alexnet_v2-n80-h224-w224-c1-id3
alexnet_v2,80,224,1,8585.5,51.15262667,alexnet_v2-n80-h224-w224-c1-id4
alexnet_v2,80,224,1,8137.5,80.89288076,alexnet_v2-n80-h224-w224-c1-id5
alexnet_v2,80,224,3,8393.5,101.6581059,alexnet_v2-n80-h224-w224-c3-id1
alexnet_v2,80,224,3,8585.5,83.59018962,alexnet_v2-n80-h224-w224-c3-id2
alexnet_v2,80,224,3,8649.5,113.243103,alexnet_v2-n80-h224-w224-c3-id3
alexnet_v2,80,224,3,8649.5,157.9591433,alexnet_v2-n80-h224-w224-c3-id4
alexnet_v2,80,224,3,8393.5,80.6312561,alexnet_v2-n80-h224-w224-c3-id5
alexnet_v2,80,224,5,8137.5,152.8139909,alexnet_v2-n80-h224-w224-c5-id1
alexnet_v2,80,224,5,8649.5,161.9126797,alexnet_v2-n80-h224-w224-c5-id2
alexnet_v2,80,224,5,6089.5,116.4508661,alexnet_v2-n80-h224-w224-c5-id3
alexnet_v2,80,224,5,8137.5,152.2181829,alexnet_v2-n80-h224-w224-c5-id4
alexnet_v2,80,224,5,8137.5,129.3408076,alexnet_v2-n80-h224-w224-c5-id5
alexnet_v2,80,224,7,8137.5,141.6677634,alexnet_v2-n80-h224-w224-c7-id1
alexnet_v2,80,224,7,8137.5,156.8700473,alexnet_v2-n80-h224-w224-c7-id2
alexnet_v2,80,224,7,8137.5,142.2401269,alexnet_v2-n80-h224-w224-c7-id3
alexnet_v2,80,224,7,8137.5,150.9438356,alexnet_v2-n80-h224-w224-c7-id4
alexnet_v2,80,224,7,8649.5,141.6551272,alexnet_v2-n80-h224-w224-c7-id5
alexnet_v2,80,224,9,8649.5,174.7341951,alexnet_v2-n80-h224-w224-c9-id1
alexnet_v2,80,224,9,8649.5,167.6913897,alexnet_v2-n80-h224-w224-c9-id2
alexnet_v2,80,224,9,8137.5,114.9247487,alexnet_v2-n80-h224-w224-c9-id3
alexnet_v2,80,224,9,8137.5,131.923755,alexnet_v2-n80-h224-w224-c9-id4
alexnet_v2,80,224,9,8137.5,144.2801158,alexnet_v2-n80-h224-w224-c9-id5
alexnet_v2,96,224,1,8073.5,83.36472511,alexnet_v2-n96-h224-w224-c1-id1
alexnet_v2,96,224,1,8649.5,96.73237801,alexnet_v2-n96-h224-w224-c1-id2
alexnet_v2,96,224,1,6601.5,78.34839821,alexnet_v2-n96-h224-w224-c1-id3
alexnet_v2,96,224,1,8649.5,111.0408306,alexnet_v2-n96-h224-w224-c1-id4
alexnet_v2,96,224,1,6601.5,102.9283206,alexnet_v2-n96-h224-w224-c1-id5
alexnet_v2,96,224,3,8649.5,121.332407,alexnet_v2-n96-h224-w224-c3-id1
alexnet_v2,96,224,3,5577.5,107.461373,alexnet_v2-n96-h224-w224-c3-id2
alexnet_v2,96,224,3,6601.5,111.3991737,alexnet_v2-n96-h224-w224-c3-id3
alexnet_v2,96,224,3,8585.5,90.80115954,alexnet_v2-n96-h224-w224-c3-id4
alexnet_v2,96,224,3,8585.5,84.02363459,alexnet_v2-n96-h224-w224-c3-id5
alexnet_v2,96,224,5,8073.5,98.1066227,alexnet_v2-n96-h224-w224-c5-id1
alexnet_v2,96,224,5,6089.5,131.3899358,alexnet_v2-n96-h224-w224-c5-id2
alexnet_v2,96,224,5,6089.5,109.93282,alexnet_v2-n96-h224-w224-c5-id3
alexnet_v2,96,224,5,6089.5,118.0993716,alexnet_v2-n96-h224-w224-c5-id4
alexnet_v2,96,224,5,6601.5,134.9698702,alexnet_v2-n96-h224-w224-c5-id5
alexnet_v2,96,224,7,8649.5,162.7779802,alexnet_v2-n96-h224-w224-c7-id1
alexnet_v2,96,224,7,8649.5,154.9890836,alexnet_v2-n96-h224-w224-c7-id2
alexnet_v2,96,224,7,8649.5,155.3867658,alexnet_v2-n96-h224-w224-c7-id3
alexnet_v2,96,224,7,8649.5,192.7464008,alexnet_v2-n96-h224-w224-c7-id4
alexnet_v2,96,224,7,9097.5,118.8830535,alexnet_v2-n96-h224-w224-c7-id5
alexnet_v2,96,224,9,7625.5,227.3723284,alexnet_v2-n96-h224-w224-c9-id1
alexnet_v2,96,224,9,7625.5,223.392725,alexnet_v2-n96-h224-w224-c9-id2
alexnet_v2,96,224,9,7113.5,145.3223228,alexnet_v2-n96-h224-w224-c9-id3
alexnet_v2,96,224,9,7625.5,188.5168552,alexnet_v2-n96-h224-w224-c9-id4
alexnet_v2,96,224,9,7625.5,210.515976,alexnet_v2-n96-h224-w224-c9-id5
alexnet_v2,112,224,1,8585.5,71.8061924,alexnet_v2-n112-h224-w224-c1-id1
alexnet_v2,112,224,1,6601.5,83.24114482,alexnet_v2-n112-h224-w224-c1-id2
alexnet_v2,112,224,1,8649.5,97.67421087,alexnet_v2-n112-h224-w224-c1-id3
alexnet_v2,112,224,1,8137.5,107.2357496,alexnet_v2-n112-h224-w224-c1-id4
alexnet_v2,112,224,1,6601.5,122.9842504,alexnet_v2-n112-h224-w224-c1-id5
alexnet_v2,112,224,3,6601.5,119.8723316,alexnet_v2-n112-h224-w224-c3-id1
alexnet_v2,112,224,3,6601.5,122.0955054,alexnet_v2-n112-h224-w224-c3-id2
alexnet_v2,112,224,3,8649.5,122.2560406,alexnet_v2-n112-h224-w224-c3-id3
alexnet_v2,112,224,3,8649.5,116.7866389,alexnet_v2-n112-h224-w224-c3-id4
alexnet_v2,112,224,3,8649.5,127.0259221,alexnet_v2-n112-h224-w224-c3-id5
alexnet_v2,112,224,5,8649.5,152.7260939,alexnet_v2-n112-h224-w224-c5-id1
alexnet_v2,112,224,5,8649.5,213.0297025,alexnet_v2-n112-h224-w224-c5-id2
alexnet_v2,112,224,5,8137.5,155.1938057,alexnet_v2-n112-h224-w224-c5-id3
alexnet_v2,112,224,5,8073.5,127.5523504,alexnet_v2-n112-h224-w224-c5-id4
alexnet_v2,112,224,5,7113.5,151.0179838,alexnet_v2-n112-h224-w224-c5-id5
alexnet_v2,112,224,7,7625.5,158.8404973,alexnet_v2-n112-h224-w224-c7-id1
alexnet_v2,112,224,7,7113.5,144.9139913,alexnet_v2-n112-h224-w224-c7-id2
alexnet_v2,112,224,7,7625.5,171.8698343,alexnet_v2-n112-h224-w224-c7-id3
alexnet_v2,112,224,7,7625.5,183.2033793,alexnet_v2-n112-h224-w224-c7-id4
alexnet_v2,112,224,7,7113.5,138.9249961,alexnet_v2-n112-h224-w224-c7-id5
alexnet_v2,112,224,9,7113.5,170.4641183,alexnet_v2-n112-h224-w224-c9-id1
alexnet_v2,112,224,9,7625.5,187.2078578,alexnet_v2-n112-h224-w224-c9-id2
alexnet_v2,112,224,9,7113.5,160.4083379,alexnet_v2-n112-h224-w224-c9-id3
alexnet_v2,112,224,9,7625.5,223.8897483,alexnet_v2-n112-h224-w224-c9-id4
alexnet_v2,112,224,9,7625.5,224.9614398,alexnet_v2-n112-h224-w224-c9-id5
alexnet_v2,128,224,1,7625.5,132.8240236,alexnet_v2-n128-h224-w224-c1-id1
alexnet_v2,128,224,1,7561.5,71.16969426,alexnet_v2-n128-h224-w224-c1-id2
alexnet_v2,128,224,1,8649.5,107.3846022,alexnet_v2-n128-h224-w224-c1-id3
alexnet_v2,128,224,1,8649.5,122.3287582,alexnet_v2-n128-h224-w224-c1-id4
alexnet_v2,128,224,1,7625.5,164.3439929,alexnet_v2-n128-h224-w224-c1-id5
alexnet_v2,128,224,3,8585.5,110.3563309,alexnet_v2-n128-h224-w224-c3-id1
alexnet_v2,128,224,3,8649.5,136.1761888,alexnet_v2-n128-h224-w224-c3-id2
alexnet_v2,128,224,3,8649.5,144.8569298,alexnet_v2-n128-h224-w224-c3-id3
alexnet_v2,128,224,3,8137.5,115.8188979,alexnet_v2-n128-h224-w224-c3-id4
alexnet_v2,128,224,3,8649.5,181.5415223,alexnet_v2-n128-h224-w224-c3-id5
alexnet_v2,128,224,5,8649.5,182.7724775,alexnet_v2-n128-h224-w224-c5-id1
alexnet_v2,128,224,5,8649.5,179.899931,alexnet_v2-n128-h224-w224-c5-id2
alexnet_v2,128,224,5,8649.5,171.1258888,alexnet_v2-n128-h224-w224-c5-id3
alexnet_v2,128,224,5,8649.5,163.8046106,alexnet_v2-n128-h224-w224-c5-id4
alexnet_v2,128,224,5,8585.5,142.2424316,alexnet_v2-n128-h224-w224-c5-id5
alexnet_v2,128,224,7,7625.5,236.8417581,alexnet_v2-n128-h224-w224-c7-id1
alexnet_v2,128,224,7,7625.5,262.2689406,alexnet_v2-n128-h224-w224-c7-id2
alexnet_v2,128,224,7,7113.5,154.9194654,alexnet_v2-n128-h224-w224-c7-id3
alexnet_v2,128,224,7,7625.5,208.8143826,alexnet_v2-n128-h224-w224-c7-id4
alexnet_v2,128,224,7,7625.5,245.2316284,alexnet_v2-n128-h224-w224-c7-id5
alexnet_v2,128,224,9,7625.5,288.5717551,alexnet_v2-n128-h224-w224-c9-id1
alexnet_v2,128,224,9,7625.5,239.6416664,alexnet_v2-n128-h224-w224-c9-id2
alexnet_v2,128,224,9,7625.5,271.1474101,alexnet_v2-n128-h224-w224-c9-id3
alexnet_v2,128,224,9,7625.5,225.9581089,alexnet_v2-n128-h224-w224-c9-id4
alexnet_v2,128,224,9,7625.5,217.9659208,alexnet_v2-n128-h224-w224-c9-id5
alexnet_v2,16,224,1,8649.5,55.04083633,alexnet_v2-n16-h224-w224-c1-id6
alexnet_v2,16,224,1,8649.5,95.26499112,alexnet_v2-n16-h224-w224-c1-id7
alexnet_v2,16,224,1,8649.5,93.82732709,alexnet_v2-n16-h224-w224-c1-id8
alexnet_v2,16,224,1,7625.5,35.40476163,alexnet_v2-n16-h224-w224-c1-id9
alexnet_v2,16,224,1,5577.5,55.17983437,alexnet_v2-n16-h224-w224-c1-id10
alexnet_v2,16,224,1,8649.5,99.14398193,alexnet_v2-n16-h224-w224-c1-id11
alexnet_v2,16,224,1,8649.5,41.45383835,alexnet_v2-n16-h224-w224-c1-id12
alexnet_v2,16,224,1,8649.5,71.59050306,alexnet_v2-n16-h224-w224-c1-id13
alexnet_v2,16,224,1,8649.5,96.64789836,alexnet_v2-n16-h224-w224-c1-id14
alexnet_v2,16,224,1,6601.5,58.00755819,alexnet_v2-n16-h224-w224-c1-id15
alexnet_v2,16,224,1,6601.5,60.526371,alexnet_v2-n16-h224-w224-c1-id16
alexnet_v2,16,224,1,7625.5,51.71664556,alexnet_v2-n16-h224-w224-c1-id17
alexnet_v2,16,224,1,8649.5,67.7986145,alexnet_v2-n16-h224-w224-c1-id18
alexnet_v2,16,224,1,6601.5,63.43642871,alexnet_v2-n16-h224-w224-c1-id19
alexnet_v2,16,224,1,8137.5,43.46299171,alexnet_v2-n16-h224-w224-c1-id20
alexnet_v2,16,224,3,8649.5,96.01736069,alexnet_v2-n16-h224-w224-c3-id6
alexnet_v2,16,224,3,8585.5,39.86350695,alexnet_v2-n16-h224-w224-c3-id7
alexnet_v2,16,224,3,8649.5,95.30464808,alexnet_v2-n16-h224-w224-c3-id8
alexnet_v2,16,224,3,6601.5,65.28004011,alexnet_v2-n16-h224-w224-c3-id9
alexnet_v2,16,224,3,8649.5,48.60234261,alexnet_v2-n16-h224-w224-c3-id10
alexnet_v2,16,224,3,6601.5,59.1814518,alexnet_v2-n16-h224-w224-c3-id11
alexnet_v2,16,224,3,8649.5,102.8634707,alexnet_v2-n16-h224-w224-c3-id12
alexnet_v2,16,224,3,8649.5,47.55481084,alexnet_v2-n16-h224-w224-c3-id13
alexnet_v2,16,224,3,8649.5,70.32291094,alexnet_v2-n16-h224-w224-c3-id14
alexnet_v2,16,224,3,8649.5,54.29887772,alexnet_v2-n16-h224-w224-c3-id15
alexnet_v2,16,224,3,6601.5,50.31053225,alexnet_v2-n16-h224-w224-c3-id16
alexnet_v2,16,224,3,8137.5,39.28891818,alexnet_v2-n16-h224-w224-c3-id17
alexnet_v2,16,224,3,6601.5,68.28896205,alexnet_v2-n16-h224-w224-c3-id18
alexnet_v2,16,224,3,6601.5,63.51184845,alexnet_v2-n16-h224-w224-c3-id19
alexnet_v2,16,224,3,6601.5,61.25132243,alexnet_v2-n16-h224-w224-c3-id20
alexnet_v2,16,224,5,6601.5,67.01461474,alexnet_v2-n16-h224-w224-c5-id6
alexnet_v2,16,224,5,7561.5,30.51050504,alexnet_v2-n16-h224-w224-c5-id7
alexnet_v2,16,224,5,8649.5,104.5885086,alexnet_v2-n16-h224-w224-c5-id8
alexnet_v2,16,224,5,8649.5,102.1858056,alexnet_v2-n16-h224-w224-c5-id9
alexnet_v2,16,224,5,8649.5,63.9778773,alexnet_v2-n16-h224-w224-c5-id10
alexnet_v2,16,224,5,5577.5,58.13940366,alexnet_v2-n16-h224-w224-c5-id11
alexnet_v2,16,224,5,8649.5,39.58725929,alexnet_v2-n16-h224-w224-c5-id12
alexnet_v2,16,224,5,8649.5,97.60451317,alexnet_v2-n16-h224-w224-c5-id13
alexnet_v2,16,224,5,8585.5,33.40053558,alexnet_v2-n16-h224-w224-c5-id14
alexnet_v2,16,224,5,6601.5,70.6252257,alexnet_v2-n16-h224-w224-c5-id15
alexnet_v2,16,224,5,8649.5,73.33016396,alexnet_v2-n16-h224-w224-c5-id16
alexnet_v2,16,224,5,8649.5,52.82020569,alexnet_v2-n16-h224-w224-c5-id17
alexnet_v2,16,224,5,5577.5,46.75857226,alexnet_v2-n16-h224-w224-c5-id18
alexnet_v2,16,224,5,8585.5,41.8697993,alexnet_v2-n16-h224-w224-c5-id19
alexnet_v2,16,224,5,5577.5,59.40119425,alexnet_v2-n16-h224-w224-c5-id20
alexnet_v2,16,224,7,5577.5,61.05486552,alexnet_v2-n16-h224-w224-c7-id6
alexnet_v2,16,224,7,8649.5,51.10796293,alexnet_v2-n16-h224-w224-c7-id7
alexnet_v2,16,224,7,6601.5,66.11084938,alexnet_v2-n16-h224-w224-c7-id8
alexnet_v2,16,224,7,5577.5,54.62638537,alexnet_v2-n16-h224-w224-c7-id9
alexnet_v2,16,224,7,6601.5,50.26229223,alexnet_v2-n16-h224-w224-c7-id10
alexnet_v2,16,224,7,8649.5,100.026687,alexnet_v2-n16-h224-w224-c7-id11
alexnet_v2,16,224,7,6601.5,63.51749102,alexnet_v2-n16-h224-w224-c7-id12
alexnet_v2,16,224,7,5577.5,50.89100202,alexnet_v2-n16-h224-w224-c7-id13
alexnet_v2,16,224,7,8649.5,70.78448931,alexnet_v2-n16-h224-w224-c7-id14
alexnet_v2,16,224,7,8649.5,48.90871048,alexnet_v2-n16-h224-w224-c7-id15
alexnet_v2,16,224,7,8073.5,39.904356,alexnet_v2-n16-h224-w224-c7-id16
alexnet_v2,16,224,7,8649.5,48.65423838,alexnet_v2-n16-h224-w224-c7-id17
alexnet_v2,16,224,7,8649.5,100.7914543,alexnet_v2-n16-h224-w224-c7-id18
alexnet_v2,16,224,7,8585.5,45.63570023,alexnet_v2-n16-h224-w224-c7-id19
alexnet_v2,16,224,7,8649.5,69.63086128,alexnet_v2-n16-h224-w224-c7-id20
alexnet_v2,16,224,9,6601.5,56.41937256,alexnet_v2-n16-h224-w224-c9-id6
alexnet_v2,16,224,9,8585.5,47.53518105,alexnet_v2-n16-h224-w224-c9-id7
alexnet_v2,16,224,9,6601.5,51.63494746,alexnet_v2-n16-h224-w224-c9-id8
alexnet_v2,16,224,9,8649.5,41.41863187,alexnet_v2-n16-h224-w224-c9-id9
alexnet_v2,16,224,9,8649.5,98.54539235,alexnet_v2-n16-h224-w224-c9-id10
alexnet_v2,16,224,9,8585.5,38.92628352,alexnet_v2-n16-h224-w224-c9-id11
alexnet_v2,16,224,9,7561.5,34.43288803,alexnet_v2-n16-h224-w224-c9-id12
alexnet_v2,16,224,9,8649.5,54.19794718,alexnet_v2-n16-h224-w224-c9-id13
alexnet_v2,16,224,9,7113.5,44.64713732,alexnet_v2-n16-h224-w224-c9-id14
alexnet_v2,16,224,9,8649.5,70.77566783,alexnet_v2-n16-h224-w224-c9-id15
alexnet_v2,16,224,9,8649.5,103.2741865,alexnet_v2-n16-h224-w224-c9-id16
alexnet_v2,16,224,9,5577.5,61.26515071,alexnet_v2-n16-h224-w224-c9-id17
alexnet_v2,16,224,9,6601.5,51.7595609,alexnet_v2-n16-h224-w224-c9-id18
alexnet_v2,16,224,9,8649.5,72.57032394,alexnet_v2-n16-h224-w224-c9-id19
alexnet_v2,16,224,9,7561.5,35.069863,alexnet_v2-n16-h224-w224-c9-id20
alexnet_v2,32,224,1,8329.5,37.97912598,alexnet_v2-n32-h224-w224-c1-id6
alexnet_v2,32,224,1,8137.5,53.02802722,alexnet_v2-n32-h224-w224-c1-id7
alexnet_v2,32,224,1,8649.5,80.15640577,alexnet_v2-n32-h224-w224-c1-id8
alexnet_v2,32,224,1,6601.5,70.47136625,alexnet_v2-n32-h224-w224-c1-id9
alexnet_v2,32,224,1,8649.5,126.7468135,alexnet_v2-n32-h224-w224-c1-id10
alexnet_v2,32,224,1,8649.5,109.4357967,alexnet_v2-n32-h224-w224-c1-id11
alexnet_v2,32,224,1,6601.5,59.24018224,alexnet_v2-n32-h224-w224-c1-id12
alexnet_v2,32,224,1,8649.5,74.96539752,alexnet_v2-n32-h224-w224-c1-id13
alexnet_v2,32,224,1,8649.5,107.4368159,alexnet_v2-n32-h224-w224-c1-id14
alexnet_v2,32,224,1,8649.5,53.22551727,alexnet_v2-n32-h224-w224-c1-id15
alexnet_v2,32,224,1,8393.5,46.27037048,alexnet_v2-n32-h224-w224-c1-id16
alexnet_v2,32,224,1,8649.5,111.2008095,alexnet_v2-n32-h224-w224-c1-id17
alexnet_v2,32,224,1,8649.5,80.20702998,alexnet_v2-n32-h224-w224-c1-id18
alexnet_v2,32,224,1,8649.5,74.31936264,alexnet_v2-n32-h224-w224-c1-id19
alexnet_v2,32,224,1,8649.5,112.2403145,alexnet_v2-n32-h224-w224-c1-id20
alexnet_v2,32,224,3,8649.5,54.65753873,alexnet_v2-n32-h224-w224-c3-id6
alexnet_v2,32,224,3,8649.5,129.7329267,alexnet_v2-n32-h224-w224-c3-id7
alexnet_v2,32,224,3,8649.5,82.09983508,alexnet_v2-n32-h224-w224-c3-id8
alexnet_v2,32,224,3,5577.5,68.76524289,alexnet_v2-n32-h224-w224-c3-id9
alexnet_v2,32,224,3,8649.5,54.6857516,alexnet_v2-n32-h224-w224-c3-id10
alexnet_v2,32,224,3,8649.5,79.14113998,alexnet_v2-n32-h224-w224-c3-id11
alexnet_v2,32,224,3,8649.5,86.30975087,alexnet_v2-n32-h224-w224-c3-id12
alexnet_v2,32,224,3,7561.5,46.42637571,alexnet_v2-n32-h224-w224-c3-id13
alexnet_v2,32,224,3,8137.5,80.69356283,alexnet_v2-n32-h224-w224-c3-id14
alexnet_v2,32,224,3,8649.5,63.98963928,alexnet_v2-n32-h224-w224-c3-id15
alexnet_v2,32,224,3,6601.5,57.18159676,alexnet_v2-n32-h224-w224-c3-id16
alexnet_v2,32,224,3,6601.5,67.07549095,alexnet_v2-n32-h224-w224-c3-id17
alexnet_v2,32,224,3,8649.5,118.7142531,alexnet_v2-n32-h224-w224-c3-id18
alexnet_v2,32,224,3,8137.5,62.66434987,alexnet_v2-n32-h224-w224-c3-id19
alexnet_v2,32,224,3,6601.5,76.14707947,alexnet_v2-n32-h224-w224-c3-id20
alexnet_v2,32,224,5,8649.5,75.02222061,alexnet_v2-n32-h224-w224-c5-id6
alexnet_v2,32,224,5,6601.5,77.56590843,alexnet_v2-n32-h224-w224-c5-id7
alexnet_v2,32,224,5,7561.5,44.98465856,alexnet_v2-n32-h224-w224-c5-id8
alexnet_v2,32,224,5,8649.5,81.07662201,alexnet_v2-n32-h224-w224-c5-id9
alexnet_v2,32,224,5,5577.5,69.23206647,alexnet_v2-n32-h224-w224-c5-id10
alexnet_v2,32,224,5,8649.5,81.11468951,alexnet_v2-n32-h224-w224-c5-id11
alexnet_v2,32,224,5,8649.5,80.97306887,alexnet_v2-n32-h224-w224-c5-id12
alexnet_v2,32,224,5,8585.5,41.29298528,alexnet_v2-n32-h224-w224-c5-id13
alexnet_v2,32,224,5,6601.5,78.90605927,alexnet_v2-n32-h224-w224-c5-id14
alexnet_v2,32,224,5,8649.5,117.2575156,alexnet_v2-n32-h224-w224-c5-id15
alexnet_v2,32,224,5,6601.5,58.18319321,alexnet_v2-n32-h224-w224-c5-id16
alexnet_v2,32,224,5,5577.5,56.05403582,alexnet_v2-n32-h224-w224-c5-id17
alexnet_v2,32,224,5,8649.5,53.2998244,alexnet_v2-n32-h224-w224-c5-id18
alexnet_v2,32,224,5,6089.5,56.83906873,alexnet_v2-n32-h224-w224-c5-id19
alexnet_v2,32,224,5,6601.5,91.26424789,alexnet_v2-n32-h224-w224-c5-id20
alexnet_v2,32,224,7,7305.5,53.51527532,alexnet_v2-n32-h224-w224-c7-id6
alexnet_v2,32,224,7,8649.5,113.1020387,alexnet_v2-n32-h224-w224-c7-id7
alexnet_v2,32,224,7,7305.5,51.3873895,alexnet_v2-n32-h224-w224-c7-id8
alexnet_v2,32,224,7,5577.5,92.20902125,alexnet_v2-n32-h224-w224-c7-id9
alexnet_v2,32,224,7,7561.5,65.7834212,alexnet_v2-n32-h224-w224-c7-id10
alexnet_v2,32,224,7,8649.5,98.52917989,alexnet_v2-n32-h224-w224-c7-id11
alexnet_v2,32,224,7,8649.5,102.6463509,alexnet_v2-n32-h224-w224-c7-id12
alexnet_v2,32,224,7,8649.5,129.4982433,alexnet_v2-n32-h224-w224-c7-id13
alexnet_v2,32,224,7,6345.5,75.9704113,alexnet_v2-n32-h224-w224-c7-id14
alexnet_v2,32,224,7,8329.5,60.93549728,alexnet_v2-n32-h224-w224-c7-id15
alexnet_v2,32,224,7,6601.5,88.99839719,alexnet_v2-n32-h224-w224-c7-id16
alexnet_v2,32,224,7,8649.5,104.8746109,alexnet_v2-n32-h224-w224-c7-id17
alexnet_v2,32,224,7,8649.5,127.3047924,alexnet_v2-n32-h224-w224-c7-id18
alexnet_v2,32,224,7,8585.5,62.30314573,alexnet_v2-n32-h224-w224-c7-id19
alexnet_v2,32,224,7,6601.5,97.43007024,alexnet_v2-n32-h224-w224-c7-id20
alexnet_v2,32,224,9,8649.5,131.554842,alexnet_v2-n32-h224-w224-c9-id6
alexnet_v2,32,224,9,8329.5,64.50208028,alexnet_v2-n32-h224-w224-c9-id7
alexnet_v2,32,224,9,8649.5,103.4328143,alexnet_v2-n32-h224-w224-c9-id8
alexnet_v2,32,224,9,8649.5,100.54636,alexnet_v2-n32-h224-w224-c9-id9
alexnet_v2,32,224,9,8585.5,74.1212368,alexnet_v2-n32-h224-w224-c9-id10
alexnet_v2,32,224,9,8649.5,135.9191736,alexnet_v2-n32-h224-w224-c9-id11
alexnet_v2,32,224,9,8649.5,137.3336315,alexnet_v2-n32-h224-w224-c9-id12
alexnet_v2,32,224,9,6345.5,79.04839516,alexnet_v2-n32-h224-w224-c9-id13
alexnet_v2,32,224,9,6601.5,98.30745061,alexnet_v2-n32-h224-w224-c9-id14
alexnet_v2,32,224,9,7625.5,74.43213463,alexnet_v2-n32-h224-w224-c9-id15
alexnet_v2,32,224,9,8649.5,132.0574284,alexnet_v2-n32-h224-w224-c9-id16
alexnet_v2,32,224,9,8649.5,105.0690015,alexnet_v2-n32-h224-w224-c9-id17
alexnet_v2,32,224,9,7369.5,68.00659498,alexnet_v2-n32-h224-w224-c9-id18
alexnet_v2,32,224,9,8649.5,111.5684509,alexnet_v2-n32-h224-w224-c9-id19
alexnet_v2,32,224,9,8649.5,114.6041552,alexnet_v2-n32-h224-w224-c9-id20
alexnet_v2,48,224,1,5577.5,76.91208522,alexnet_v2-n48-h224-w224-c1-id6
alexnet_v2,48,224,1,8649.5,83.27865601,alexnet_v2-n48-h224-w224-c1-id7
alexnet_v2,48,224,1,8649.5,80.43400447,alexnet_v2-n48-h224-w224-c1-id8
alexnet_v2,48,224,1,8585.5,44.7584788,alexnet_v2-n48-h224-w224-c1-id9
alexnet_v2,48,224,1,8649.5,120.1207638,alexnet_v2-n48-h224-w224-c1-id10
alexnet_v2,48,224,1,8649.5,100.44384,alexnet_v2-n48-h224-w224-c1-id11
alexnet_v2,48,224,1,8649.5,84.57859357,alexnet_v2-n48-h224-w224-c1-id12
alexnet_v2,48,224,1,8649.5,55.28132121,alexnet_v2-n48-h224-w224-c1-id13
alexnet_v2,48,224,1,6601.5,65.5031999,alexnet_v2-n48-h224-w224-c1-id14
alexnet_v2,48,224,1,8585.5,54.59721883,alexnet_v2-n48-h224-w224-c1-id15
alexnet_v2,48,224,1,6601.5,58.46405029,alexnet_v2-n48-h224-w224-c1-id16
alexnet_v2,48,224,1,8649.5,115.2122021,alexnet_v2-n48-h224-w224-c1-id17
alexnet_v2,48,224,1,8649.5,97.66920408,alexnet_v2-n48-h224-w224-c1-id18
alexnet_v2,48,224,1,8585.5,54.27598953,alexnet_v2-n48-h224-w224-c1-id19
alexnet_v2,48,224,1,8649.5,75.37897428,alexnet_v2-n48-h224-w224-c1-id20
alexnet_v2,48,224,3,8585.5,44.06611125,alexnet_v2-n48-h224-w224-c3-id6
alexnet_v2,48,224,3,8649.5,62.90634473,alexnet_v2-n48-h224-w224-c3-id7
alexnet_v2,48,224,3,8649.5,89.28132057,alexnet_v2-n48-h224-w224-c3-id8
alexnet_v2,48,224,3,6601.5,78.84478569,alexnet_v2-n48-h224-w224-c3-id9
alexnet_v2,48,224,3,8649.5,65.04090627,alexnet_v2-n48-h224-w224-c3-id10
alexnet_v2,48,224,3,6601.5,74.42736626,alexnet_v2-n48-h224-w224-c3-id11
alexnet_v2,48,224,3,6601.5,62.62516975,alexnet_v2-n48-h224-w224-c3-id12
alexnet_v2,48,224,3,8585.5,57.7955246,alexnet_v2-n48-h224-w224-c3-id13
alexnet_v2,48,224,3,8649.5,122.0267614,alexnet_v2-n48-h224-w224-c3-id14
alexnet_v2,48,224,3,8649.5,121.5847333,alexnet_v2-n48-h224-w224-c3-id15
alexnet_v2,48,224,3,8649.5,122.2714583,alexnet_v2-n48-h224-w224-c3-id16
alexnet_v2,48,224,3,8649.5,81.50895437,alexnet_v2-n48-h224-w224-c3-id17
alexnet_v2,48,224,3,8649.5,72.66036669,alexnet_v2-n48-h224-w224-c3-id18
alexnet_v2,48,224,3,8649.5,93.99692218,alexnet_v2-n48-h224-w224-c3-id19
alexnet_v2,48,224,3,8649.5,66.82705879,alexnet_v2-n48-h224-w224-c3-id20
alexnet_v2,48,224,5,8649.5,108.4743341,alexnet_v2-n48-h224-w224-c5-id6
alexnet_v2,48,224,5,8649.5,116.8909868,alexnet_v2-n48-h224-w224-c5-id7
alexnet_v2,48,224,5,8585.5,82.06017812,alexnet_v2-n48-h224-w224-c5-id8
alexnet_v2,48,224,5,6345.5,87.36213048,alexnet_v2-n48-h224-w224-c5-id9
alexnet_v2,48,224,5,8393.5,78.14852397,alexnet_v2-n48-h224-w224-c5-id10
alexnet_v2,48,224,5,8393.5,83.08172226,alexnet_v2-n48-h224-w224-c5-id11
alexnet_v2,48,224,5,8649.5,111.0021273,alexnet_v2-n48-h224-w224-c5-id12
alexnet_v2,48,224,5,6345.5,87.19849586,alexnet_v2-n48-h224-w224-c5-id13
alexnet_v2,48,224,5,8649.5,118.1538105,alexnet_v2-n48-h224-w224-c5-id14
alexnet_v2,48,224,5,8393.5,73.73960813,alexnet_v2-n48-h224-w224-c5-id15
alexnet_v2,48,224,5,6601.5,99.60627556,alexnet_v2-n48-h224-w224-c5-id16
alexnet_v2,48,224,5,8393.5,94.57023938,alexnet_v2-n48-h224-w224-c5-id17
alexnet_v2,48,224,5,6601.5,100.4753908,alexnet_v2-n48-h224-w224-c5-id18
alexnet_v2,48,224,5,8649.5,141.0518487,alexnet_v2-n48-h224-w224-c5-id19
alexnet_v2,48,224,5,8649.5,140.2440866,alexnet_v2-n48-h224-w224-c5-id20
alexnet_v2,48,224,7,8649.5,122.1295993,alexnet_v2-n48-h224-w224-c7-id6
alexnet_v2,48,224,7,8649.5,116.0950661,alexnet_v2-n48-h224-w224-c7-id7
alexnet_v2,48,224,7,8649.5,81.97593689,alexnet_v2-n48-h224-w224-c7-id8
alexnet_v2,48,224,7,5577.5,100.8491516,alexnet_v2-n48-h224-w224-c7-id9
alexnet_v2,48,224,7,8649.5,86.85652415,alexnet_v2-n48-h224-w224-c7-id10
alexnet_v2,48,224,7,8585.5,74.75670179,alexnet_v2-n48-h224-w224-c7-id11
alexnet_v2,48,224,7,8649.5,147.8437583,alexnet_v2-n48-h224-w224-c7-id12
alexnet_v2,48,224,7,8649.5,79.31065559,alexnet_v2-n48-h224-w224-c7-id13
alexnet_v2,48,224,7,8649.5,95.52550316,alexnet_v2-n48-h224-w224-c7-id14
alexnet_v2,48,224,7,8649.5,90.58213234,alexnet_v2-n48-h224-w224-c7-id15
alexnet_v2,48,224,7,8649.5,140.4047807,alexnet_v2-n48-h224-w224-c7-id16
alexnet_v2,48,224,7,5577.5,101.2639999,alexnet_v2-n48-h224-w224-c7-id17
alexnet_v2,48,224,7,8649.5,143.7155406,alexnet_v2-n48-h224-w224-c7-id18
alexnet_v2,48,224,7,5577.5,104.2770545,alexnet_v2-n48-h224-w224-c7-id19
alexnet_v2,48,224,7,5577.5,106.7024867,alexnet_v2-n48-h224-w224-c7-id20
alexnet_v2,48,224,9,8137.5,94.95099386,alexnet_v2-n48-h224-w224-c9-id6
alexnet_v2,48,224,9,8137.5,97.71307309,alexnet_v2-n48-h224-w224-c9-id7
alexnet_v2,48,224,9,6089.5,104.546388,alexnet_v2-n48-h224-w224-c9-id8
alexnet_v2,48,224,9,8137.5,158.6055756,alexnet_v2-n48-h224-w224-c9-id9
alexnet_v2,48,224,9,8137.5,123.2116222,alexnet_v2-n48-h224-w224-c9-id10
alexnet_v2,48,224,9,6089.5,99.051555,alexnet_v2-n48-h224-w224-c9-id11
alexnet_v2,48,224,9,6089.5,105.8870951,alexnet_v2-n48-h224-w224-c9-id12
alexnet_v2,48,224,9,6089.5,97.22304344,alexnet_v2-n48-h224-w224-c9-id13
alexnet_v2,48,224,9,8137.5,115.9861088,alexnet_v2-n48-h224-w224-c9-id14
alexnet_v2,48,224,9,6089.5,122.6722399,alexnet_v2-n48-h224-w224-c9-id15
alexnet_v2,48,224,9,8137.5,163.7582779,alexnet_v2-n48-h224-w224-c9-id16
alexnet_v2,48,224,9,6089.5,102.0052433,alexnet_v2-n48-h224-w224-c9-id17
alexnet_v2,48,224,9,8137.5,94.16794777,alexnet_v2-n48-h224-w224-c9-id18
alexnet_v2,48,224,9,8073.5,81.31925265,alexnet_v2-n48-h224-w224-c9-id19
alexnet_v2,48,224,9,8137.5,119.7710037,alexnet_v2-n48-h224-w224-c9-id20
alexnet_v2,64,224,1,8137.5,69.09346581,alexnet_v2-n64-h224-w224-c1-id6
alexnet_v2,64,224,1,7561.5,57.36843745,alexnet_v2-n64-h224-w224-c1-id7
alexnet_v2,64,224,1,7625.5,131.3978831,alexnet_v2-n64-h224-w224-c1-id8
alexnet_v2,64,224,1,7561.5,55.93832334,alexnet_v2-n64-h224-w224-c1-id9
alexnet_v2,64,224,1,8137.5,87.40552266,alexnet_v2-n64-h224-w224-c1-id10
alexnet_v2,64,224,1,7625.5,58.86061986,alexnet_v2-n64-h224-w224-c1-id11
alexnet_v2,64,224,1,5577.5,75.6893158,alexnet_v2-n64-h224-w224-c1-id12
alexnet_v2,64,224,1,8649.5,59.27817027,alexnet_v2-n64-h224-w224-c1-id13
alexnet_v2,64,224,1,7625.5,78.7144502,alexnet_v2-n64-h224-w224-c1-id14
alexnet_v2,64,224,1,8649.5,53.03557714,alexnet_v2-n64-h224-w224-c1-id15
alexnet_v2,64,224,1,8649.5,134.3034903,alexnet_v2-n64-h224-w224-c1-id16
alexnet_v2,64,224,1,8073.5,52.25205421,alexnet_v2-n64-h224-w224-c1-id17
alexnet_v2,64,224,1,8649.5,95.32872836,alexnet_v2-n64-h224-w224-c1-id18
alexnet_v2,64,224,1,8649.5,130.2816868,alexnet_v2-n64-h224-w224-c1-id19
alexnet_v2,64,224,1,5577.5,81.13368352,alexnet_v2-n64-h224-w224-c1-id20
alexnet_v2,64,224,3,8393.5,89.72787857,alexnet_v2-n64-h224-w224-c3-id6
alexnet_v2,64,224,3,8649.5,140.5590375,alexnet_v2-n64-h224-w224-c3-id7
alexnet_v2,64,224,3,8649.5,127.0234585,alexnet_v2-n64-h224-w224-c3-id8
alexnet_v2,64,224,3,6601.5,103.403012,alexnet_v2-n64-h224-w224-c3-id9
alexnet_v2,64,224,3,8649.5,96.4597861,alexnet_v2-n64-h224-w224-c3-id10
alexnet_v2,64,224,3,8649.5,139.125665,alexnet_v2-n64-h224-w224-c3-id11
alexnet_v2,64,224,3,7881.5,99.98758634,alexnet_v2-n64-h224-w224-c3-id12
alexnet_v2,64,224,3,6601.5,102.0961603,alexnet_v2-n64-h224-w224-c3-id13
alexnet_v2,64,224,3,7625.5,134.761095,alexnet_v2-n64-h224-w224-c3-id14
alexnet_v2,64,224,3,8329.5,67.1851635,alexnet_v2-n64-h224-w224-c3-id15
alexnet_v2,64,224,3,8649.5,112.8248374,alexnet_v2-n64-h224-w224-c3-id16
alexnet_v2,64,224,3,8649.5,144.3251769,alexnet_v2-n64-h224-w224-c3-id17
alexnet_v2,64,224,3,7625.5,111.0612551,alexnet_v2-n64-h224-w224-c3-id18
alexnet_v2,64,224,3,8649.5,98.23775291,alexnet_v2-n64-h224-w224-c3-id19
alexnet_v2,64,224,3,7305.5,60.94932556,alexnet_v2-n64-h224-w224-c3-id20
alexnet_v2,64,224,5,6601.5,105.685552,alexnet_v2-n64-h224-w224-c5-id6
alexnet_v2,64,224,5,8585.5,79.92998759,alexnet_v2-n64-h224-w224-c5-id7
alexnet_v2,64,224,5,8649.5,109.4174385,alexnet_v2-n64-h224-w224-c5-id8
alexnet_v2,64,224,5,8649.5,157.8203042,alexnet_v2-n64-h224-w224-c5-id9
alexnet_v2,64,224,5,8649.5,154.8885504,alexnet_v2-n64-h224-w224-c5-id10
alexnet_v2,64,224,5,8649.5,111.3821665,alexnet_v2-n64-h224-w224-c5-id11
alexnet_v2,64,224,5,8649.5,124.0669092,alexnet_v2-n64-h224-w224-c5-id12
alexnet_v2,64,224,5,8585.5,93.25281779,alexnet_v2-n64-h224-w224-c5-id13
alexnet_v2,64,224,5,7625.5,106.0639222,alexnet_v2-n64-h224-w224-c5-id14
alexnet_v2,64,224,5,8649.5,105.9866746,alexnet_v2-n64-h224-w224-c5-id15
alexnet_v2,64,224,5,8649.5,113.8426463,alexnet_v2-n64-h224-w224-c5-id16
alexnet_v2,64,224,5,8649.5,114.0206655,alexnet_v2-n64-h224-w224-c5-id17
alexnet_v2,64,224,5,8649.5,141.7130629,alexnet_v2-n64-h224-w224-c5-id18
alexnet_v2,64,224,5,8649.5,169.8316733,alexnet_v2-n64-h224-w224-c5-id19
alexnet_v2,64,224,5,7625.5,89.53444163,alexnet_v2-n64-h224-w224-c5-id20
alexnet_v2,64,224,7,8137.5,102.5199095,alexnet_v2-n64-h224-w224-c7-id6
alexnet_v2,64,224,7,6089.5,119.950374,alexnet_v2-n64-h224-w224-c7-id7
alexnet_v2,64,224,7,8137.5,158.5246722,alexnet_v2-n64-h224-w224-c7-id8
alexnet_v2,64,224,7,8137.5,108.7237994,alexnet_v2-n64-h224-w224-c7-id9
alexnet_v2,64,224,7,8137.5,120.3645865,alexnet_v2-n64-h224-w224-c7-id10
alexnet_v2,64,224,7,8073.5,97.92725245,alexnet_v2-n64-h224-w224-c7-id11
alexnet_v2,64,224,7,8137.5,132.3844592,alexnet_v2-n64-h224-w224-c7-id12
alexnet_v2,64,224,7,8137.5,172.1179485,alexnet_v2-n64-h224-w224-c7-id13
alexnet_v2,64,224,7,8073.5,106.0156822,alexnet_v2-n64-h224-w224-c7-id14
alexnet_v2,64,224,7,8137.5,129.8034986,alexnet_v2-n64-h224-w224-c7-id15
alexnet_v2,64,224,7,8137.5,123.6765385,alexnet_v2-n64-h224-w224-c7-id16
alexnet_v2,64,224,7,8073.5,92.56251653,alexnet_v2-n64-h224-w224-c7-id17
alexnet_v2,64,224,7,8073.5,112.319231,alexnet_v2-n64-h224-w224-c7-id18
alexnet_v2,64,224,7,8137.5,133.3625317,alexnet_v2-n64-h224-w224-c7-id19
alexnet_v2,64,224,7,8073.5,86.28209432,alexnet_v2-n64-h224-w224-c7-id20
alexnet_v2,64,224,9,8137.5,141.9659456,alexnet_v2-n64-h224-w224-c9-id6
alexnet_v2,64,224,9,8137.5,180.6242466,alexnet_v2-n64-h224-w224-c9-id7
alexnet_v2,64,224,9,6089.5,124.0038872,alexnet_v2-n64-h224-w224-c9-id8
alexnet_v2,64,224,9,8649.5,194.5283413,alexnet_v2-n64-h224-w224-c9-id9
alexnet_v2,64,224,9,8137.5,146.067063,alexnet_v2-n64-h224-w224-c9-id10
alexnet_v2,64,224,9,8137.5,141.4519946,alexnet_v2-n64-h224-w224-c9-id11
alexnet_v2,64,224,9,8137.5,146.8687057,alexnet_v2-n64-h224-w224-c9-id12
alexnet_v2,64,224,9,8137.5,122.8833199,alexnet_v2-n64-h224-w224-c9-id13
alexnet_v2,64,224,9,8137.5,183.2283338,alexnet_v2-n64-h224-w224-c9-id14
alexnet_v2,64,224,9,8649.5,145.1985836,alexnet_v2-n64-h224-w224-c9-id15
alexnet_v2,64,224,9,8137.5,103.5778522,alexnet_v2-n64-h224-w224-c9-id16
alexnet_v2,64,224,9,8137.5,121.8717893,alexnet_v2-n64-h224-w224-c9-id17
alexnet_v2,64,224,9,6089.5,134.4853242,alexnet_v2-n64-h224-w224-c9-id18
alexnet_v2,64,224,9,8649.5,201.3950348,alexnet_v2-n64-h224-w224-c9-id19
alexnet_v2,64,224,9,8649.5,184.1937701,alexnet_v2-n64-h224-w224-c9-id20
alexnet_v2,80,224,1,6601.5,69.72455978,alexnet_v2-n80-h224-w224-c1-id6
alexnet_v2,80,224,1,8137.5,79.83835538,alexnet_v2-n80-h224-w224-c1-id7
alexnet_v2,80,224,1,8649.5,141.3672765,alexnet_v2-n80-h224-w224-c1-id8
alexnet_v2,80,224,1,8649.5,73.99185499,alexnet_v2-n80-h224-w224-c1-id9
alexnet_v2,80,224,1,8073.5,67.65596072,alexnet_v2-n80-h224-w224-c1-id10
alexnet_v2,80,224,1,7625.5,142.7365939,alexnet_v2-n80-h224-w224-c1-id11
alexnet_v2,80,224,1,8649.5,135.3783607,alexnet_v2-n80-h224-w224-c1-id12
alexnet_v2,80,224,1,8649.5,131.2053998,alexnet_v2-n80-h224-w224-c1-id13
alexnet_v2,80,224,1,8649.5,72.61411349,alexnet_v2-n80-h224-w224-c1-id14
alexnet_v2,80,224,1,8649.5,134.1877778,alexnet_v2-n80-h224-w224-c1-id15
alexnet_v2,80,224,1,8649.5,138.6318207,alexnet_v2-n80-h224-w224-c1-id16
alexnet_v2,80,224,1,8585.5,63.36712837,alexnet_v2-n80-h224-w224-c1-id17
alexnet_v2,80,224,1,8649.5,82.11859067,alexnet_v2-n80-h224-w224-c1-id18
alexnet_v2,80,224,1,8073.5,62.53798803,alexnet_v2-n80-h224-w224-c1-id19
alexnet_v2,80,224,1,8649.5,111.8621031,alexnet_v2-n80-h224-w224-c1-id20
alexnet_v2,80,224,3,6345.5,95.99153201,alexnet_v2-n80-h224-w224-c3-id6
alexnet_v2,80,224,3,8649.5,108.5520585,alexnet_v2-n80-h224-w224-c3-id7
alexnet_v2,80,224,3,8585.5,72.4538962,alexnet_v2-n80-h224-w224-c3-id8
alexnet_v2,80,224,3,8649.5,81.08957609,alexnet_v2-n80-h224-w224-c3-id9
alexnet_v2,80,224,3,8649.5,139.9413745,alexnet_v2-n80-h224-w224-c3-id10
alexnet_v2,80,224,3,8649.5,147.4375725,alexnet_v2-n80-h224-w224-c3-id11
alexnet_v2,80,224,3,8649.5,111.3107204,alexnet_v2-n80-h224-w224-c3-id12
alexnet_v2,80,224,3,8393.5,101.2834708,alexnet_v2-n80-h224-w224-c3-id13
alexnet_v2,80,224,3,5577.5,92.84830093,alexnet_v2-n80-h224-w224-c3-id14
alexnet_v2,80,224,3,6601.5,116.8398062,alexnet_v2-n80-h224-w224-c3-id15
alexnet_v2,80,224,3,8649.5,126.3330777,alexnet_v2-n80-h224-w224-c3-id16
alexnet_v2,80,224,3,5577.5,85.40701866,alexnet_v2-n80-h224-w224-c3-id17
alexnet_v2,80,224,3,8393.5,105.1029364,alexnet_v2-n80-h224-w224-c3-id18
alexnet_v2,80,224,3,8585.5,93.94478798,alexnet_v2-n80-h224-w224-c3-id19
alexnet_v2,80,224,3,8649.5,119.4742521,alexnet_v2-n80-h224-w224-c3-id20
alexnet_v2,80,224,5,8649.5,153.963089,alexnet_v2-n80-h224-w224-c5-id6
alexnet_v2,80,224,5,8137.5,98.60308965,alexnet_v2-n80-h224-w224-c5-id7
alexnet_v2,80,224,5,6089.5,107.6907317,alexnet_v2-n80-h224-w224-c5-id8
alexnet_v2,80,224,5,8137.5,113.3114497,alexnet_v2-n80-h224-w224-c5-id9
alexnet_v2,80,224,5,8073.5,101.0066668,alexnet_v2-n80-h224-w224-c5-id10
alexnet_v2,80,224,5,8137.5,120.3972499,alexnet_v2-n80-h224-w224-c5-id11
alexnet_v2,80,224,5,8073.5,94.10492579,alexnet_v2-n80-h224-w224-c5-id12
alexnet_v2,80,224,5,8137.5,121.8830744,alexnet_v2-n80-h224-w224-c5-id13
alexnet_v2,80,224,5,8137.5,136.3544464,alexnet_v2-n80-h224-w224-c5-id14
alexnet_v2,80,224,5,8073.5,95.95855077,alexnet_v2-n80-h224-w224-c5-id15
alexnet_v2,80,224,5,8137.5,123.5527198,alexnet_v2-n80-h224-w224-c5-id16
alexnet_v2,80,224,5,8137.5,134.0699196,alexnet_v2-n80-h224-w224-c5-id17
alexnet_v2,80,224,5,6089.5,110.0846926,alexnet_v2-n80-h224-w224-c5-id18
alexnet_v2,80,224,5,8137.5,107.139349,alexnet_v2-n80-h224-w224-c5-id19
alexnet_v2,80,224,5,8137.5,106.8824132,alexnet_v2-n80-h224-w224-c5-id20
alexnet_v2,80,224,7,8649.5,174.0996838,alexnet_v2-n80-h224-w224-c7-id6
alexnet_v2,80,224,7,8137.5,127.3135344,alexnet_v2-n80-h224-w224-c7-id7
alexnet_v2,80,224,7,8137.5,130.2617391,alexnet_v2-n80-h224-w224-c7-id8
alexnet_v2,80,224,7,8073.5,109.4787121,alexnet_v2-n80-h224-w224-c7-id9
alexnet_v2,80,224,7,6089.5,136.4358266,alexnet_v2-n80-h224-w224-c7-id10
alexnet_v2,80,224,7,8073.5,106.7651113,alexnet_v2-n80-h224-w224-c7-id11
alexnet_v2,80,224,7,8137.5,127.3021698,alexnet_v2-n80-h224-w224-c7-id12
alexnet_v2,80,224,7,6601.5,147.0189095,alexnet_v2-n80-h224-w224-c7-id13
alexnet_v2,80,224,7,8137.5,120.023489,alexnet_v2-n80-h224-w224-c7-id14
alexnet_v2,80,224,7,6601.5,138.4948889,alexnet_v2-n80-h224-w224-c7-id15
alexnet_v2,80,224,7,8137.5,190.8833186,alexnet_v2-n80-h224-w224-c7-id16
alexnet_v2,80,224,7,6089.5,137.1824741,alexnet_v2-n80-h224-w224-c7-id17
alexnet_v2,80,224,7,8137.5,177.5518258,alexnet_v2-n80-h224-w224-c7-id18
alexnet_v2,80,224,7,6601.5,134.7618103,alexnet_v2-n80-h224-w224-c7-id19
alexnet_v2,80,224,7,8137.5,113.9681339,alexnet_v2-n80-h224-w224-c7-id20
alexnet_v2,80,224,9,8137.5,159.7684224,alexnet_v2-n80-h224-w224-c9-id6
alexnet_v2,80,224,9,8649.5,176.1745612,alexnet_v2-n80-h224-w224-c9-id7
alexnet_v2,80,224,9,6089.5,134.5512072,alexnet_v2-n80-h224-w224-c9-id8
alexnet_v2,80,224,9,8137.5,137.2291247,alexnet_v2-n80-h224-w224-c9-id9
alexnet_v2,80,224,9,6601.5,149.4845549,alexnet_v2-n80-h224-w224-c9-id10
alexnet_v2,80,224,9,8649.5,198.233525,alexnet_v2-n80-h224-w224-c9-id11
alexnet_v2,80,224,9,8649.5,230.8250268,alexnet_v2-n80-h224-w224-c9-id12
alexnet_v2,80,224,9,6601.5,148.9141782,alexnet_v2-n80-h224-w224-c9-id13
alexnet_v2,80,224,9,8649.5,197.4629561,alexnet_v2-n80-h224-w224-c9-id14
alexnet_v2,80,224,9,8649.5,209.1832161,alexnet_v2-n80-h224-w224-c9-id15
alexnet_v2,80,224,9,8137.5,116.7411009,alexnet_v2-n80-h224-w224-c9-id16
alexnet_v2,80,224,9,8585.5,146.9237804,alexnet_v2-n80-h224-w224-c9-id17
alexnet_v2,80,224,9,6601.5,181.6397508,alexnet_v2-n80-h224-w224-c9-id18
alexnet_v2,80,224,9,8649.5,176.7330964,alexnet_v2-n80-h224-w224-c9-id19
alexnet_v2,80,224,9,6089.5,130.6566397,alexnet_v2-n80-h224-w224-c9-id20
alexnet_v2,96,224,1,8649.5,121.2719282,alexnet_v2-n96-h224-w224-c1-id6
alexnet_v2,96,224,1,6601.5,109.0672811,alexnet_v2-n96-h224-w224-c1-id7
alexnet_v2,96,224,1,8137.5,95.61125437,alexnet_v2-n96-h224-w224-c1-id8
alexnet_v2,96,224,1,7625.5,70.52151362,alexnet_v2-n96-h224-w224-c1-id9
alexnet_v2,96,224,1,8649.5,146.8272209,alexnet_v2-n96-h224-w224-c1-id10
alexnet_v2,96,224,1,8585.5,75.19102097,alexnet_v2-n96-h224-w224-c1-id11
alexnet_v2,96,224,1,8649.5,85.31721433,alexnet_v2-n96-h224-w224-c1-id12
alexnet_v2,96,224,1,8649.5,101.7750899,alexnet_v2-n96-h224-w224-c1-id13
alexnet_v2,96,224,1,8073.5,82.62149493,alexnet_v2-n96-h224-w224-c1-id14
alexnet_v2,96,224,1,8649.5,134.9496841,alexnet_v2-n96-h224-w224-c1-id15
alexnet_v2,96,224,1,7625.5,78.74035835,alexnet_v2-n96-h224-w224-c1-id16
alexnet_v2,96,224,1,6601.5,112.9455566,alexnet_v2-n96-h224-w224-c1-id17
alexnet_v2,96,224,1,6089.5,92.19169617,alexnet_v2-n96-h224-w224-c1-id18
alexnet_v2,96,224,1,6601.5,95.24472555,alexnet_v2-n96-h224-w224-c1-id19
alexnet_v2,96,224,1,8585.5,70.36964099,alexnet_v2-n96-h224-w224-c1-id20
alexnet_v2,96,224,3,8649.5,104.7824224,alexnet_v2-n96-h224-w224-c3-id6
alexnet_v2,96,224,3,8649.5,122.5487391,alexnet_v2-n96-h224-w224-c3-id7
alexnet_v2,96,224,3,8585.5,88.92583847,alexnet_v2-n96-h224-w224-c3-id8
alexnet_v2,96,224,3,6601.5,119.0327803,alexnet_v2-n96-h224-w224-c3-id9
alexnet_v2,96,224,3,8649.5,137.9808585,alexnet_v2-n96-h224-w224-c3-id10
alexnet_v2,96,224,3,8649.5,129.8762163,alexnet_v2-n96-h224-w224-c3-id11
alexnet_v2,96,224,3,8585.5,89.57227071,alexnet_v2-n96-h224-w224-c3-id12
alexnet_v2,96,224,3,6601.5,131.9348017,alexnet_v2-n96-h224-w224-c3-id13
alexnet_v2,96,224,3,8649.5,116.8750922,alexnet_v2-n96-h224-w224-c3-id14
alexnet_v2,96,224,3,8585.5,85.11122068,alexnet_v2-n96-h224-w224-c3-id15
alexnet_v2,96,224,3,6601.5,101.7015775,alexnet_v2-n96-h224-w224-c3-id16
alexnet_v2,96,224,3,6601.5,124.6536573,alexnet_v2-n96-h224-w224-c3-id17
alexnet_v2,96,224,3,8649.5,156.9314003,alexnet_v2-n96-h224-w224-c3-id18
alexnet_v2,96,224,3,8649.5,158.6265564,alexnet_v2-n96-h224-w224-c3-id19
alexnet_v2,96,224,3,8649.5,104.9609184,alexnet_v2-n96-h224-w224-c3-id20
alexnet_v2,96,224,5,8649.5,143.299977,alexnet_v2-n96-h224-w224-c5-id6
alexnet_v2,96,224,5,8137.5,117.9620425,alexnet_v2-n96-h224-w224-c5-id7
alexnet_v2,96,224,5,8137.5,97.67961502,alexnet_v2-n96-h224-w224-c5-id8
alexnet_v2,96,224,5,8073.5,109.1579596,alexnet_v2-n96-h224-w224-c5-id9
alexnet_v2,96,224,5,8649.5,186.8067582,alexnet_v2-n96-h224-w224-c5-id10
alexnet_v2,96,224,5,8073.5,109.6467177,alexnet_v2-n96-h224-w224-c5-id11
alexnet_v2,96,224,5,8137.5,131.2530041,alexnet_v2-n96-h224-w224-c5-id12
alexnet_v2,96,224,5,8137.5,136.5927855,alexnet_v2-n96-h224-w224-c5-id13
alexnet_v2,96,224,5,8073.5,101.0184288,alexnet_v2-n96-h224-w224-c5-id14
alexnet_v2,96,224,5,8137.5,126.6835531,alexnet_v2-n96-h224-w224-c5-id15
alexnet_v2,96,224,5,8073.5,106.7737738,alexnet_v2-n96-h224-w224-c5-id16
alexnet_v2,96,224,5,6601.5,147.0926603,alexnet_v2-n96-h224-w224-c5-id17
alexnet_v2,96,224,5,6089.5,123.6861547,alexnet_v2-n96-h224-w224-c5-id18
alexnet_v2,96,224,5,6089.5,128.600359,alexnet_v2-n96-h224-w224-c5-id19
alexnet_v2,96,224,5,8137.5,129.7573249,alexnet_v2-n96-h224-w224-c5-id20
alexnet_v2,96,224,7,8585.5,129.9240589,alexnet_v2-n96-h224-w224-c7-id6
alexnet_v2,96,224,7,8649.5,217.1737353,alexnet_v2-n96-h224-w224-c7-id7
alexnet_v2,96,224,7,8649.5,157.3736668,alexnet_v2-n96-h224-w224-c7-id8
alexnet_v2,96,224,7,8649.5,140.6461398,alexnet_v2-n96-h224-w224-c7-id9
alexnet_v2,96,224,7,6601.5,154.0137927,alexnet_v2-n96-h224-w224-c7-id10
alexnet_v2,96,224,7,8649.5,145.6061999,alexnet_v2-n96-h224-w224-c7-id11
alexnet_v2,96,224,7,8073.5,115.7191594,alexnet_v2-n96-h224-w224-c7-id12
alexnet_v2,96,224,7,8073.5,112.9925251,alexnet_v2-n96-h224-w224-c7-id13
alexnet_v2,96,224,7,8137.5,145.0963815,alexnet_v2-n96-h224-w224-c7-id14
alexnet_v2,96,224,7,7049.5,127.5591056,alexnet_v2-n96-h224-w224-c7-id15
alexnet_v2,96,224,7,8585.5,127.5875568,alexnet_v2-n96-h224-w224-c7-id16
alexnet_v2,96,224,7,8649.5,150.5292257,alexnet_v2-n96-h224-w224-c7-id17
alexnet_v2,96,224,7,6601.5,151.2626807,alexnet_v2-n96-h224-w224-c7-id18
alexnet_v2,96,224,7,6601.5,153.6310514,alexnet_v2-n96-h224-w224-c7-id19
alexnet_v2,96,224,7,6089.5,138.4133498,alexnet_v2-n96-h224-w224-c7-id20
alexnet_v2,96,224,9,7625.5,177.7517796,alexnet_v2-n96-h224-w224-c9-id6
alexnet_v2,96,224,9,7625.5,226.278464,alexnet_v2-n96-h224-w224-c9-id7
alexnet_v2,96,224,9,7113.5,154.6394825,alexnet_v2-n96-h224-w224-c9-id8
alexnet_v2,96,224,9,7625.5,196.5001424,alexnet_v2-n96-h224-w224-c9-id9
alexnet_v2,96,224,9,7113.5,177.153031,alexnet_v2-n96-h224-w224-c9-id10
alexnet_v2,96,224,9,7625.5,161.564668,alexnet_v2-n96-h224-w224-c9-id11
alexnet_v2,96,224,9,7625.5,226.5472412,alexnet_v2-n96-h224-w224-c9-id12
alexnet_v2,96,224,9,7113.5,182.421128,alexnet_v2-n96-h224-w224-c9-id13
alexnet_v2,96,224,9,7625.5,217.9078261,alexnet_v2-n96-h224-w224-c9-id14
alexnet_v2,96,224,9,7625.5,156.308651,alexnet_v2-n96-h224-w224-c9-id15
alexnet_v2,96,224,9,7625.5,226.284186,alexnet_v2-n96-h224-w224-c9-id16
alexnet_v2,96,224,9,7625.5,205.0674756,alexnet_v2-n96-h224-w224-c9-id17
alexnet_v2,96,224,9,7113.5,139.35709,alexnet_v2-n96-h224-w224-c9-id18
alexnet_v2,96,224,9,7113.5,155.6806564,alexnet_v2-n96-h224-w224-c9-id19
alexnet_v2,96,224,9,7625.5,212.6925786,alexnet_v2-n96-h224-w224-c9-id20
alexnet_v2,112,224,1,8649.5,69.84909376,alexnet_v2-n112-h224-w224-c1-id6
alexnet_v2,112,224,1,7625.5,115.5145168,alexnet_v2-n112-h224-w224-c1-id7
alexnet_v2,112,224,1,8649.5,86.54872576,alexnet_v2-n112-h224-w224-c1-id8
alexnet_v2,112,224,1,8585.5,67.29634603,alexnet_v2-n112-h224-w224-c1-id9
alexnet_v2,112,224,1,6601.5,98.52528572,alexnet_v2-n112-h224-w224-c1-id10
alexnet_v2,112,224,1,8649.5,92.59208043,alexnet_v2-n112-h224-w224-c1-id11
alexnet_v2,112,224,1,8649.5,70.90028127,alexnet_v2-n112-h224-w224-c1-id12
alexnet_v2,112,224,1,6601.5,110.1605892,alexnet_v2-n112-h224-w224-c1-id13
alexnet_v2,112,224,1,8585.5,75.23481051,alexnet_v2-n112-h224-w224-c1-id14
alexnet_v2,112,224,1,8585.5,94.10977364,alexnet_v2-n112-h224-w224-c1-id15
alexnet_v2,112,224,1,8137.5,107.0756118,alexnet_v2-n112-h224-w224-c1-id16
alexnet_v2,112,224,1,8649.5,84.33532715,alexnet_v2-n112-h224-w224-c1-id17
alexnet_v2,112,224,1,8649.5,118.8913981,alexnet_v2-n112-h224-w224-c1-id18
alexnet_v2,112,224,1,7561.5,74.61094856,alexnet_v2-n112-h224-w224-c1-id19
alexnet_v2,112,224,1,8649.5,116.942962,alexnet_v2-n112-h224-w224-c1-id20
alexnet_v2,112,224,3,8649.5,115.9261862,alexnet_v2-n112-h224-w224-c3-id6
alexnet_v2,112,224,3,8585.5,110.4249954,alexnet_v2-n112-h224-w224-c3-id7
alexnet_v2,112,224,3,6601.5,127.2283395,alexnet_v2-n112-h224-w224-c3-id8
alexnet_v2,112,224,3,8585.5,93.15450986,alexnet_v2-n112-h224-w224-c3-id9
alexnet_v2,112,224,3,8649.5,116.2711779,alexnet_v2-n112-h224-w224-c3-id10
alexnet_v2,112,224,3,8585.5,89.12444115,alexnet_v2-n112-h224-w224-c3-id11
alexnet_v2,112,224,3,8649.5,186.8392626,alexnet_v2-n112-h224-w224-c3-id12
alexnet_v2,112,224,3,6601.5,151.2642701,alexnet_v2-n112-h224-w224-c3-id13
alexnet_v2,112,224,3,6601.5,145.0738907,alexnet_v2-n112-h224-w224-c3-id14
alexnet_v2,112,224,3,6601.5,112.0168368,alexnet_v2-n112-h224-w224-c3-id15
alexnet_v2,112,224,3,8585.5,88.20501963,alexnet_v2-n112-h224-w224-c3-id16
alexnet_v2,112,224,3,6601.5,143.1980133,alexnet_v2-n112-h224-w224-c3-id17
alexnet_v2,112,224,3,5577.5,101.5487512,alexnet_v2-n112-h224-w224-c3-id18
alexnet_v2,112,224,3,8649.5,153.1831423,alexnet_v2-n112-h224-w224-c3-id19
alexnet_v2,112,224,3,6601.5,133.3657106,alexnet_v2-n112-h224-w224-c3-id20
alexnet_v2,112,224,5,8649.5,173.1088161,alexnet_v2-n112-h224-w224-c5-id6
alexnet_v2,112,224,5,8649.5,205.2823702,alexnet_v2-n112-h224-w224-c5-id7
alexnet_v2,112,224,5,8137.5,164.5560265,alexnet_v2-n112-h224-w224-c5-id8
alexnet_v2,112,224,5,8649.5,176.6115824,alexnet_v2-n112-h224-w224-c5-id9
alexnet_v2,112,224,5,8649.5,201.3076941,alexnet_v2-n112-h224-w224-c5-id10
alexnet_v2,112,224,5,8137.5,153.1864007,alexnet_v2-n112-h224-w224-c5-id11
alexnet_v2,112,224,5,8649.5,163.5132631,alexnet_v2-n112-h224-w224-c5-id12
alexnet_v2,112,224,5,8073.5,114.1938368,alexnet_v2-n112-h224-w224-c5-id13
alexnet_v2,112,224,5,6601.5,166.5094694,alexnet_v2-n112-h224-w224-c5-id14
alexnet_v2,112,224,5,8073.5,111.5775903,alexnet_v2-n112-h224-w224-c5-id15
alexnet_v2,112,224,5,8073.5,125.5412102,alexnet_v2-n112-h224-w224-c5-id16
alexnet_v2,112,224,5,6601.5,155.8887959,alexnet_v2-n112-h224-w224-c5-id17
alexnet_v2,112,224,5,8073.5,126.5550454,alexnet_v2-n112-h224-w224-c5-id18
alexnet_v2,112,224,5,9161.5,137.7076308,alexnet_v2-n112-h224-w224-c5-id19
alexnet_v2,112,224,5,8649.5,157.3731105,alexnet_v2-n112-h224-w224-c5-id20
alexnet_v2,112,224,7,7625.5,176.5962442,alexnet_v2-n112-h224-w224-c7-id6
alexnet_v2,112,224,7,7561.5,154.1185379,alexnet_v2-n112-h224-w224-c7-id7
alexnet_v2,112,224,7,7625.5,158.2032045,alexnet_v2-n112-h224-w224-c7-id8
alexnet_v2,112,224,7,7561.5,158.0255826,alexnet_v2-n112-h224-w224-c7-id9
alexnet_v2,112,224,7,7625.5,170.8761851,alexnet_v2-n112-h224-w224-c7-id10
alexnet_v2,112,224,7,7625.5,152.8802713,alexnet_v2-n112-h224-w224-c7-id11
alexnet_v2,112,224,7,7625.5,185.7072512,alexnet_v2-n112-h224-w224-c7-id12
alexnet_v2,112,224,7,7625.5,224.3837516,alexnet_v2-n112-h224-w224-c7-id13
alexnet_v2,112,224,7,7625.5,216.9458071,alexnet_v2-n112-h224-w224-c7-id14
alexnet_v2,112,224,7,7625.5,193.3621566,alexnet_v2-n112-h224-w224-c7-id15
alexnet_v2,112,224,7,7113.5,143.1304614,alexnet_v2-n112-h224-w224-c7-id16
alexnet_v2,112,224,7,7625.5,194.0003236,alexnet_v2-n112-h224-w224-c7-id17
alexnet_v2,112,224,7,7625.5,176.2868563,alexnet_v2-n112-h224-w224-c7-id18
alexnet_v2,112,224,7,7625.5,206.2789599,alexnet_v2-n112-h224-w224-c7-id19
alexnet_v2,112,224,7,7625.5,225.3489494,alexnet_v2-n112-h224-w224-c7-id20
alexnet_v2,112,224,9,7625.5,237.7729416,alexnet_v2-n112-h224-w224-c9-id6
alexnet_v2,112,224,9,7625.5,241.6831652,alexnet_v2-n112-h224-w224-c9-id7
alexnet_v2,112,224,9,7625.5,175.0152111,alexnet_v2-n112-h224-w224-c9-id8
alexnet_v2,112,224,9,7625.5,155.5025578,alexnet_v2-n112-h224-w224-c9-id9
alexnet_v2,112,224,9,7625.5,196.5382894,alexnet_v2-n112-h224-w224-c9-id10
alexnet_v2,112,224,9,7625.5,221.435229,alexnet_v2-n112-h224-w224-c9-id11
alexnet_v2,112,224,9,7625.5,182.1281115,alexnet_v2-n112-h224-w224-c9-id12
alexnet_v2,112,224,9,7113.5,150.946935,alexnet_v2-n112-h224-w224-c9-id13
alexnet_v2,112,224,9,7625.5,215.9899871,alexnet_v2-n112-h224-w224-c9-id14
alexnet_v2,112,224,9,7625.5,199.0467707,alexnet_v2-n112-h224-w224-c9-id15
alexnet_v2,112,224,9,7625.5,253.5542647,alexnet_v2-n112-h224-w224-c9-id16
alexnet_v2,112,224,9,7625.5,165.5321916,alexnet_v2-n112-h224-w224-c9-id17
alexnet_v2,112,224,9,7113.5,162.4942621,alexnet_v2-n112-h224-w224-c9-id18
alexnet_v2,112,224,9,7625.5,164.4136111,alexnet_v2-n112-h224-w224-c9-id19
alexnet_v2,112,224,9,7625.5,259.4105403,alexnet_v2-n112-h224-w224-c9-id20
alexnet_v2,128,224,1,8649.5,145.311594,alexnet_v2-n128-h224-w224-c1-id6
alexnet_v2,128,224,1,8649.5,126.6016165,alexnet_v2-n128-h224-w224-c1-id7
alexnet_v2,128,224,1,8649.5,161.6811752,alexnet_v2-n128-h224-w224-c1-id8
alexnet_v2,128,224,1,7625.5,125.4885197,alexnet_v2-n128-h224-w224-c1-id9
alexnet_v2,128,224,1,7625.5,130.5034161,alexnet_v2-n128-h224-w224-c1-id10
alexnet_v2,128,224,1,7625.5,113.4670575,alexnet_v2-n128-h224-w224-c1-id11
alexnet_v2,128,224,1,8649.5,165.8171813,alexnet_v2-n128-h224-w224-c1-id12
alexnet_v2,128,224,1,8649.5,84.88734563,alexnet_v2-n128-h224-w224-c1-id13
alexnet_v2,128,224,1,7625.5,119.9138959,alexnet_v2-n128-h224-w224-c1-id14
alexnet_v2,128,224,1,7561.5,96.21047974,alexnet_v2-n128-h224-w224-c1-id15
alexnet_v2,128,224,1,8649.5,107.1702639,alexnet_v2-n128-h224-w224-c1-id16
alexnet_v2,128,224,1,8649.5,119.9023724,alexnet_v2-n128-h224-w224-c1-id17
alexnet_v2,128,224,1,8649.5,74.86057281,alexnet_v2-n128-h224-w224-c1-id18
alexnet_v2,128,224,1,6601.5,117.1346505,alexnet_v2-n128-h224-w224-c1-id19
alexnet_v2,128,224,1,8649.5,98.94601504,alexnet_v2-n128-h224-w224-c1-id20
alexnet_v2,128,224,3,6601.5,134.8233223,alexnet_v2-n128-h224-w224-c3-id6
alexnet_v2,128,224,3,8649.5,161.146005,alexnet_v2-n128-h224-w224-c3-id7
alexnet_v2,128,224,3,8649.5,143.7797546,alexnet_v2-n128-h224-w224-c3-id8
alexnet_v2,128,224,3,7113.5,123.4491666,alexnet_v2-n128-h224-w224-c3-id9
alexnet_v2,128,224,3,8649.5,147.3112901,alexnet_v2-n128-h224-w224-c3-id10
alexnet_v2,128,224,3,8649.5,192.281882,alexnet_v2-n128-h224-w224-c3-id11
alexnet_v2,128,224,3,6601.5,142.5499916,alexnet_v2-n128-h224-w224-c3-id12
alexnet_v2,128,224,3,9161.5,172.6661523,alexnet_v2-n128-h224-w224-c3-id13
alexnet_v2,128,224,3,8649.5,155.6549072,alexnet_v2-n128-h224-w224-c3-id14
alexnet_v2,128,224,3,8137.5,166.7010784,alexnet_v2-n128-h224-w224-c3-id15
alexnet_v2,128,224,3,8137.5,147.8582223,alexnet_v2-n128-h224-w224-c3-id16
alexnet_v2,128,224,3,8137.5,149.0797997,alexnet_v2-n128-h224-w224-c3-id17
alexnet_v2,128,224,3,8137.5,149.5747566,alexnet_v2-n128-h224-w224-c3-id18
alexnet_v2,128,224,3,8649.5,142.7577337,alexnet_v2-n128-h224-w224-c3-id19
alexnet_v2,128,224,3,8649.5,110.94594,alexnet_v2-n128-h224-w224-c3-id20
alexnet_v2,128,224,5,8073.5,125.9053548,alexnet_v2-n128-h224-w224-c5-id6
alexnet_v2,128,224,5,6089.5,128.7755966,alexnet_v2-n128-h224-w224-c5-id7
alexnet_v2,128,224,5,8649.5,175.3398577,alexnet_v2-n128-h224-w224-c5-id8
alexnet_v2,128,224,5,6601.5,148.7693787,alexnet_v2-n128-h224-w224-c5-id9
alexnet_v2,128,224,5,8649.5,171.2584496,alexnet_v2-n128-h224-w224-c5-id10
alexnet_v2,128,224,5,8073.5,133.3256563,alexnet_v2-n128-h224-w224-c5-id11
alexnet_v2,128,224,5,8137.5,154.0196737,alexnet_v2-n128-h224-w224-c5-id12
alexnet_v2,128,224,5,8649.5,158.141772,alexnet_v2-n128-h224-w224-c5-id13
alexnet_v2,128,224,5,8073.5,135.0019773,alexnet_v2-n128-h224-w224-c5-id14
alexnet_v2,128,224,5,8137.5,156.8406423,alexnet_v2-n128-h224-w224-c5-id15
alexnet_v2,128,224,5,8585.5,138.3694808,alexnet_v2-n128-h224-w224-c5-id16
alexnet_v2,128,224,5,8649.5,185.7456366,alexnet_v2-n128-h224-w224-c5-id17
alexnet_v2,128,224,5,8649.5,178.3053875,alexnet_v2-n128-h224-w224-c5-id18
alexnet_v2,128,224,5,8649.5,182.07256,alexnet_v2-n128-h224-w224-c5-id19
alexnet_v2,128,224,5,6601.5,172.5877126,alexnet_v2-n128-h224-w224-c5-id20
alexnet_v2,128,224,7,7049.5,152.6271502,alexnet_v2-n128-h224-w224-c7-id6
alexnet_v2,128,224,7,7113.5,155.7402611,alexnet_v2-n128-h224-w224-c7-id7
alexnet_v2,128,224,7,7625.5,257.8854561,alexnet_v2-n128-h224-w224-c7-id8
alexnet_v2,128,224,7,7561.5,158.8766575,alexnet_v2-n128-h224-w224-c7-id9
alexnet_v2,128,224,7,7625.5,188.8136864,alexnet_v2-n128-h224-w224-c7-id10
alexnet_v2,128,224,7,7625.5,163.4643873,alexnet_v2-n128-h224-w224-c7-id11
alexnet_v2,128,224,7,7625.5,178.0047417,alexnet_v2-n128-h224-w224-c7-id12
alexnet_v2,128,224,7,7625.5,179.4075966,alexnet_v2-n128-h224-w224-c7-id13
alexnet_v2,128,224,7,7625.5,228.6260128,alexnet_v2-n128-h224-w224-c7-id14
alexnet_v2,128,224,7,7625.5,176.7401695,alexnet_v2-n128-h224-w224-c7-id15
alexnet_v2,128,224,7,7625.5,196.9821453,alexnet_v2-n128-h224-w224-c7-id16
alexnet_v2,128,224,7,7625.5,214.870135,alexnet_v2-n128-h224-w224-c7-id17
alexnet_v2,128,224,7,7625.5,201.5864054,alexnet_v2-n128-h224-w224-c7-id18
alexnet_v2,128,224,7,7625.5,224.0786552,alexnet_v2-n128-h224-w224-c7-id19
alexnet_v2,128,224,7,7625.5,182.9358737,alexnet_v2-n128-h224-w224-c7-id20
alexnet_v2,128,224,9,7625.5,226.1986732,alexnet_v2-n128-h224-w224-c9-id6
alexnet_v2,128,224,9,7561.5,162.3548667,alexnet_v2-n128-h224-w224-c9-id7
alexnet_v2,128,224,9,7625.5,238.9595509,alexnet_v2-n128-h224-w224-c9-id8
alexnet_v2,128,224,9,7625.5,259.4738007,alexnet_v2-n128-h224-w224-c9-id9
alexnet_v2,128,224,9,7625.5,187.2376601,alexnet_v2-n128-h224-w224-c9-id10
alexnet_v2,128,224,9,7625.5,274.1886775,alexnet_v2-n128-h224-w224-c9-id11
alexnet_v2,128,224,9,7625.5,299.1383076,alexnet_v2-n128-h224-w224-c9-id12
alexnet_v2,128,224,9,7113.5,170.208772,alexnet_v2-n128-h224-w224-c9-id13
alexnet_v2,128,224,9,7625.5,280.772686,alexnet_v2-n128-h224-w224-c9-id14
alexnet_v2,128,224,9,7625.5,208.9055379,alexnet_v2-n128-h224-w224-c9-id15
alexnet_v2,128,224,9,7561.5,201.1947632,alexnet_v2-n128-h224-w224-c9-id16
alexnet_v2,128,224,9,7049.5,182.8255653,alexnet_v2-n128-h224-w224-c9-id17
alexnet_v2,128,224,9,7625.5,211.6405169,alexnet_v2-n128-h224-w224-c9-id18
alexnet_v2,128,224,9,7625.5,239.1673724,alexnet_v2-n128-h224-w224-c9-id19
alexnet_v2,128,224,9,7113.5,187.6763503,alexnet_v2-n128-h224-w224-c9-id20